,FOURTH WARD,SECOND WARD,DOWNTOWN,CLINTON PARK TRI-COMMUNITY,GREATER UPTOWN,GREATER INWOOD,GREATER HOBBY AREA,GOLFCREST / BELLFORT / REVEILLE,ELDRIDGE / WEST OAKS,WASHINGTON AVENUE COALITION / MEMORIAL PARK,GREATER FIFTH WARD,DENVER HARBOR / PORT HOUSTON,PLEASANTVILLE AREA,NORTHSHORE,LAZYBROOK / TIMBERGROVE,GREATER HEIGHTS,KASHMERE GARDENS,MINNETEX,NEAR NORTHSIDE,SPRING BRANCH EAST,SPRING BRANCH NORTH,EL DORADO / OATES PRAIRIE,SPRING BRANCH CENTRAL,HUNTERWOOD,SETTEGAST,LANGWOOD,INDEPENDENCE HEIGHTS,CENTRAL NORTHWEST,TRINITY / HOUSTON GARDENS,CARVERDALE,EASTEX - JENSEN AREA,EAST HOUSTON,ACRES HOME,NORTHSIDE/NORTHLINE,HIDDEN VALLEY,EAST LITTLE YORK / HOMESTEAD,WILLOWBROOK,GREATER GREENSPOINT,IAH / AIRPORT AREA,KINGWOOD AREA,LAKE HOUSTON,FAIRBANKS / NORTHWEST CROSSING,WESTBRANCH,SHARPSTOWN,WESTWOOD,FORT BEND HOUSTON,FONDREN GARDENS,SOUTH BELT / ELLINGTON,SOUTH ACRES / CRESTMONT PARK,BRAYS OAKS,CENTRAL SOUTHWEST,SUNNYSIDE,ALIEF,PECAN PARK,CLEAR LAKE,WESTBURY,WILLOW MEADOWS / WILLOWBEND AREA,BRAEBURN,SOUTH MAIN,SOUTH PARK,ASTRODOME AREA,GREATER OST / SOUTH UNION,PARK PLACE,MEADOWBROOK / ALLENDALE,MEDICAL CENTER AREA,GULFTON,MACGREGOR,GULFGATE RIVERVIEW / PINE VALLEY,HARRISBURG / MANCHESTER,UNIVERSITY PLACE,WESTCHASE,MUSEUM PARK,LAWNDALE / WAYSIDE,GREENWAY / UPPER KIRBY AREA,GREATER THIRD WARD,MID WEST,GREATER EASTWOOD,MIDTOWN,BRAESWOOD,MEYERLAND AREA,EDGEBROOK AREA,MAGNOLIA PARK,AFTON OAKS / RIVER OAKS AREA,BRIAR FOREST,NEARTOWN - MONTROSE,MEMORIAL,SPRING BRANCH WEST,ADDICKS PARK TEN
FOURTH WARD,0,20109.55837,8130.985422,37991.81788,34214.64217,60037.32646,61982.04491,46207.27281,105513.9826,20839.65758,19754.07672,31760.53065,34424.07758,57905.6393,27265.55096,19538.12879,27487.18486,58373.45365,19782.97003,38958.02677,59395.74931,49983.91393,48565.89721,57151.95973,39350.18654,43352.34381,28935.17848,39660.53369,37555.08103,68302.02483,39736.20131,53996.58513,47084.46961,40661.30218,50226.97341,53888.12749,90917.38015,72978.68589,89274.44065,131269.7663,133726.1257,57578.47696,65093.18946,54880.70212,61927.37553,71757.80488,60999.14502,86876.03696,49441.59152,63701.57836,56182.588,39119.64689,75194.5434,35416.54354,110481.611,51244.21142,41218.33694,53525.41548,34700.15481,39364.92093,26568.16368,25913.80228,41712.9441,51819.27281,18721.21015,37199.6043,18917.49265,30341.91106,41088.00933,18618.91692,64704.74798,10785.53216,28308.23962,23079.59723,16009.20181,47878.90872,18375.44907,6081.398346,29564.63804,44532.71666,65773.49286,30407.37875,22109.63463,67934.49373,7850.014021,78414.46243,64798.24043,93038.29355
SECOND WARD,20109.55837,0,11009.80483,20262.98897,45798.97224,66934.58569,49136.5945,31049.19603,117191.264,31953.24483,10542.47298,12877.281,19925.20958,36069.79502,36512.07526,27047.4396,18166.60264,50913.97071,18785.66514,49127.7795,70859.86436,31921.53193,62489.62238,41957.02225,27745.28591,57739.18014,32434.14511,47649.27221,30955.20103,77905.37483,36824.65635,42188.13146,51775.65116,41965.85185,56776.53465,48813.53905,97317.97168,75081.78349,86838.42062,123831.7833,123683.4055,66474.90969,80595.32544,66497.64776,75150.5406,78752.86989,70751.39461,69240.42698,48119.22876,73947.20229,62528.02161,39209.92772,86759.44791,21410.06486,92528.66683,59773.30255,48802.39508,64399.30731,40985.88508,31074.97254,30348.60434,23605.61853,28142.58874,33288.75693,24955.38684,48467.99949,18174.15656,14968.14664,21159.28108,26485.68378,76441.85374,21020.5404,11616.61783,34671.20705,11293.87868,59579.21246,5558.10851,16267.46838,37792.00337,54398.82764,47995.02762,11535.26285,33807.83222,79493.23233,22162.3974,89842.09345,75957.44344,104365.1444
DOWNTOWN,8130.985422,11009.80483,0,28775.46019,37743.30558,61241.21507,53621.38817,37171.36711,109107.9038,24446.05115,10205.18877,22440.14815,27472.55262,48200.62246,30322.80972,21099.26794,18486.80415,51908.80483,15732.39897,42439.28364,63013.56673,40091.73867,52049.68197,48898.6461,30537.53677,46777.65045,27635.64479,41694.84367,29843.72094,71416.98126,34603.58968,45225.18245,46700.43156,38225.50056,50671.93444,47030.0463,91795.6864,71213.2101,84652.24786,124101.5874,125960.7949,60434.19185,68903.08421,58507.25092,65401.27937,74162.47967,64724.99224,77782.0895,45471.93145,67029.87291,58166.28041,35799.97313,78831.0585,27919.23775,101369.612,54023.55316,43663.14745,56982.57149,36586.41895,32118.64106,26362.49628,22469.41655,34886.22324,42617.53165,19729.08583,40729.26307,16180.23497,21220.45617,31667.6725,20895.59415,68331.45817,14306.89743,18982.22058,26686.15777,9027.251189,51492.34212,9088.561751,7841.335817,32092.26967,47724.32161,56642.20646,21011.76745,25718.04821,71471.58172,11287.16671,82012.1302,68492.82265,96784.31373
CLINTON PARK TRI-COMMUNITY,37991.81788,20262.98897,28775.46019,0,67517.31333,86439.74944,44050.48725,26980.27322,138689.9105,54066.69479,22928.27705,12746.67907,9113.37355,19832.58345,58317.42552,48356.1014,26922.53229,51398.70757,35112.48928,71170.47964,92013.05485,21798.18222,80618.44383,30636.27955,26147.30065,75033.86298,50384.13213,68592.64171,29051.22559,98830.25963,42685.90479,32097.24391,69099.10632,55228.045,71084.19824,44151.27118,114678.4201,84742.3811,86519.51421,113050.0199,111286.0228,87764.94456,98007.82386,86906.04296,92860.36046,92624.82423,87738.83456,55362.76101,53061.41729,92652.63921,76423.48106,46965.08089,107128.0081,19244.78508,77303.88676,77018.93036,65540.44858,83897.73542,56960.1005,33931.98941,46248.59592,35914.79279,20519.47254,20620.66427,42448.21778,68593.63914,34391.00165,25112.41685,13543.77781,45091.33293,97744.80059,38812.51134,16617.80766,55219.7208,28701.31576,80998.30075,20694.113,34297.38219,55909.04769,73073.21096,41028.00753,10638.59025,55243.901,101236.6296,40391.4377,111862.6265,98161.30907,126486.481
GREATER UPTOWN,34214.64217,45798.97224,37743.30558,67517.31333,0,40652.38765,75132.48465,64463.6933,67267.59765,24047.67551,45959.38887,57143.01591,66127.35939,83133.5451,22207.71071,27581.63837,49065.75016,66030.64944,40555.24605,16499.07761,30741.68288,72820.32307,23252.20475,86433.72797,67440.16829,30094.26339,37349.35678,27489.01639,55245.22099,40674.05189,50482.25368,72377.97044,38324.93535,44426.58282,54703.55106,66053.70528,74407.26647,65498.18812,90877.30834,140781.2765,144857.7225,33494.09617,42329.76655,21017.99454,39853.13413,58236.83513,51996.12209,103833.0263,58704.66632,37909.45078,45667.98972,46318.04217,40267.01956,62159.52817,128225.6163,40184.68096,33829.02528,31036.72031,36088.63364,52151.73195,35193.61433,43220.43715,68886.89382,74470.08062,34070.38905,18312.96968,38384.17594,51441.48275,65889.42145,26064.94234,27257.75731,34879.15457,53755.05748,15891.46001,38377.21915,13497.61337,45333.19647,34486.26916,27266.52256,30627.06702,85889.63004,57127.25782,13033.9913,29444.53146,26288.45265,40874.88679,30720.08324,56849.26606
GREATER INWOOD,60037.32646,66934.58569,61241.21507,86439.74944,40652.38765,0,108075.5616,91869.69635,85191.42307,39451.99312,60289.42658,71529.69937,75565.79265,88682.23192,31527.90421,36002.52686,56040.59235,103867.6362,47298.24866,25385.94242,27351.52695,77273.20329,23513.27174,90351.96528,71465.51055,20624.41912,33166.84267,17508.12705,58440.16571,23907.25785,43902.09716,69528.69336,11427.0171,29783.52391,23994.84787,58670.64043,33722.15111,30154.50844,62263.00792,115863.1916,121198.7037,12057.53631,29225.60903,62565.20857,75463.92812,99915.54963,94220.34085,131131.0381,99722.73062,79313.64818,87729.86094,86245.65435,75962.5734,91395.9993,154525.2229,83106.82224,77228.72326,72921.19475,78312.89312,89767.98725,76058.52638,80535.785,98336.06275,101941.7832,70650.16654,61700.73039,71846.31129,79103.58499,91298.58767,64825.4152,59482.35855,69179.17348,81901.66997,57940.4662,69620.27697,52307.09053,71927.28605,63781.4304,70526.52009,72977.97706,117959.8995,80638.6488,50910.91728,53128.16734,56434.82723,51807.78669,38801.24892,60065.09827
GREATER HOBBY AREA,61982.04491,49136.5945,53621.38817,44050.48725,75132.48465,108075.5616,0,16796.31394,132114.6109,64249.87916,56202.46302,47892.58017,53702.41972,54500.77239,77195.62104,68544.59153,68374.5436,17648.90149,64547.92747,85340.7757,108224.9288,68077.64343,99986.66456,76802.53081,70731.71014,100239.7675,81573.12178,87121.50363,72469.96708,117336.9607,78734.21557,74909.88324,95374.834,85927.70584,106655.1067,88358.29775,143219.7517,119100.6967,127054.869,155168.7046,152109.9214,106654.3564,119498.6408,79254.78991,90775.1566,66456.67157,76371.10956,22743.23771,24244.57188,77711.20818,52587.38734,28375.71975,97194.87303,33508.06038,46229.77171,67114.33532,57745.18264,77663.79786,47696.83002,22602.00722,44018.88995,34875.78071,27775.19479,20509.3165,50002.79093,73853.10741,41619.05426,33167.55241,38195.39046,55785.26645,95985.18745,52682.62275,38344.12161,63055.15687,42859.69486,79028.14869,45293.78409,55303.57515,56229.89074,64709.55702,19142.49779,42818.11083,65980.40914,98638.83052,58136.5303,112440.1278,104833.7671,128953.7603
GOLFCREST / BELLFORT / REVEILLE,46207.27281,31049.19603,37171.36711,26980.27322,64463.6933,91869.69635,16796.31394,0,124828.4643,49495.01646,38022.35364,33148.99574,35927.64963,43261.54942,61855.37067,51460.9561,49829.32998,19234.17615,46988.09457,71631.93072,95485.03839,50006.42575,87071.21954,60728.56621,52255.61205,85611.88971,64016.18861,71207.02814,53919.59896,104009.0446,62722.60453,61200.87753,78450.06814,69128.64937,89151.6606,71334.41102,127238.1454,102356.4108,111779.9475,142630.377,140869.7168,92289.74137,106408.1088,71527.39814,84602.71242,66664.93942,71855.64822,33419.32003,24084.1247,72849.58205,52205.86209,22406.39526,91361.12688,15743.38206,57099.09614,61358.61194,50248.57445,70897.14934,39439.07126,15090.1261,35328.06552,20052.69185,13164.05073,14711.58856,38942.26372,64141.83277,25377.65586,15035.81148,21234.41552,43537.32887,87548.50669,39680.67316,20490.66951,50419.57707,26508.42969,68953.91215,28007.40411,40448.45747,46459.69318,56745.0284,23084.50931,24719.19417,52594.94973,89324.37044,44244.24695,102155.345,92078.82481,118203.832
ELDRIDGE / WEST OAKS,105513.9826,117191.264,109107.9038,138689.9105,67267.59765,85191.42307,132114.6109,124828.4643,0,83891.3344,117395.8165,126399.1165,137541.7347,144427.0924,86395.98559,92633.02208,119296.7531,122135.3954,111808.7997,73363.70692,58190.83639,141166.1543,65599.69446,157393.4214,138479.8747,74552.94854,102969.0074,83456.00351,125273.468,65451.37673,120075.7925,141471.3164,92302.86544,106626.4384,110772.9127,132288.1013,94931.45639,115148.1367,138464.0391,180947.914,185796.9382,69266.82291,59638.20176,50946.75626,52489.03163,78382.33984,74586.3089,147799.8023,111167.6644,56848.43255,79568.89582,107717.4454,31900.66451,130852.9495,178080.9303,73234.82486,83664.44855,59397.64594,91141.93778,115642.5982,96344.2331,108034.8697,136866.1662,141885.6443,97524.97124,69340.69022,105319.1083,120416.9302,135503.4374,94650.47971,39549.71996,103509.6503,123419.6417,81457.45073,107903.4771,56362.71945,115954.9028,104713.9867,85969.14093,70666.67451,150397.2128,127842.744,81490.4418,35630.79211,97272.99664,27177.01641,36862.37688,25594.91326
WASHINGTON AVENUE COALITION / MEMORIAL PARK,20839.65758,31953.24483,24446.05115,54066.69479,24047.67551,39451.99312,64249.87916,49495.01646,83891.3344,0,31422.65232,41534.8195,51185.84068,57911.67633,11278.43595,12348.53436,32779.33633,61427.03361,25172.29971,23714.25567,47937.74381,54562.57263,39644.81337,70805.16932,51893.85001,34901.72818,22370.65832,18756.69792,39411.86655,54825.8572,34670.84527,55762.47404,33028.57181,34165.1976,42296.81066,48965.00098,75897.02392,61005.47481,83090.74755,125668.5914,128275.6133,41347.59544,57507.00058,39633.90205,58930.7556,66675.51267,60620.6769,87992.69703,54396.18843,51727.32192,53894.2876,42928.59387,59658.74946,51568.42325,111445.0102,45917.50679,37119.33889,45289.74879,33164.00036,45372.35422,30656.43534,35997.60949,58574.11944,64066.8962,26372.80188,29844.879,28670.64746,39162.11392,54221.11103,19521.46047,52291.38826,25826.4477,42724.61298,15567.26067,28011.31591,33084.93729,33549.82881,22606.28398,27975.0568,36407.92882,76936.15468,44861.69969,10660.06612,51439.23615,14012.8111,55931.1825,45416.1526,70372.66247
GREATER FIFTH WARD,19754.07672,10542.47298,10205.18877,22928.27705,45959.38887,60289.42658,56202.46302,38022.35364,117395.8165,31422.65232,0,14939.03849,18184.56607,37072.73193,33556.85076,23192.42175,10754.19973,57621.0597,10623.34501,46768.0326,67569.61906,26028.67311,59031.53885,38543.35351,19930.09162,52372.59263,24423.62444,42631.31088,18157.32522,72982.74893,26578.50355,30603.91274,43865.92452,32668.06738,49079.92296,35885.71882,89849.60881,65596.56426,76186.74554,110929.3083,111760.0348,61967.32253,75902.58489,67833.03293,78455.80951,82721.69365,77685.0129,75602.38742,53730.68288,76509.15218,66622.44957,44560.78203,88101.24719,30154.39602,98730.1748,63085.99127,52511.78305,66566.01942,45169.01234,37683.80854,36055.66632,29645.8421,36233.95019,39578.86658,31854.78324,50280.91583,27025.62693,23081.74007,28341.45223,29750.6666,76963.06608,26497.10118,20403.32964,36205.85415,20308.24604,60058.005,16633.19849,20655.86926,42881.25187,57139.09041,56579.40034,17028.55468,34726.01582,79499.61956,23256.80357,89300.83245,75377.65608,103494.1835
DENVER HARBOR / PORT HOUSTON,31760.53065,12877.281,22440.14815,12746.67907,57143.01591,71529.69937,47892.58017,33148.99574,126399.1165,41534.8195,14939.03849,0,8403.919888,26997.91201,45755.36073,34564.50298,21338.42525,50849.49921,26241.12877,58151.11899,82490.05856,19833.49983,74149.47167,31727.68146,22058.16606,69038.59409,41634.98188,53742.15519,23771.15097,89400.80463,31332.10959,25814.23445,56555.64126,40267.26732,65698.36733,39473.10508,106204.4515,71938.04179,75970.27841,107023.976,107264.983,75173.38674,92113.47495,75387.90894,86665.77005,86550.56495,83681.87198,59677.33158,51878.31087,82599.64451,70213.52387,45034.68097,95661.97631,26278.38103,79153.14075,69179.91328,58136.95335,73168.53515,49759.0053,36040.73477,40299.75737,30234.10512,30432.77584,31172.3269,37625.61539,59080.16286,29195.94037,25165.41698,22899.11421,36084.64008,85602.72709,33388.23353,19168.3157,43530.76326,24986.52318,68766.26239,19036.27827,28566.83654,49338.86284,63041.61067,51759.56895,12487.52074,42950.18074,88769.93811,33606.56207,99337.93297,85582.94297,113998.1779
PLEASANTVILLE AREA,34424.07758,19925.20958,27472.55262,9113.37355,66127.35939,75565.79265,53702.41972,35927.64963,137541.7347,51185.84068,18184.56607,8403.919888,0,22812.06861,52527.74007,42109.90008,17869.31222,58684.91333,26130.24866,65728.26272,86381.87542,14795.99249,74727.59494,24182.59739,15871.09453,68719.71284,39948.90135,60304.60748,17562.25866,90453.16474,31069.71041,23655.03744,58326.33471,43880.19775,61466.78985,33411.98617,103266.8869,73094.57521,75509.10166,105131.3283,104997.714,79771.98057,91487.06576,87260.7377,92831.9155,94950.79965,89928.28086,65300.47077,58307.54954,93354.08833,78497.52553,50904.62746,107477.1579,28761.95657,87050.86737,77902.28289,66460.59786,84452.78774,57937.87174,40657.95545,47154.75819,37315.793,31499.25427,31221.83542,43902.676,68993.39918,35194.03083,30827.52325,24568.10423,45698.62615,97186.23677,39050.10269,23812.91199,55503.65109,30946.27792,80259.22153,24177.10368,33462.2737,56619.07687,73756.63694,52660.81556,16331.19867,54791.69723,99599.13173,40164.9727,109120.5362,94902.61089,122780.9028
NORTHSHORE,57905.6393,36069.79502,48200.62246,19832.58345,83133.5451,88682.23192,54500.77239,43261.54942,144427.0924,57911.67633,37072.73193,26997.91201,22812.06861,0,69694.714,56146.35378,32308.24268,66145.43459,49792.15005,82444.54821,106147.7558,14772.77013,98202.28869,16769.69182,27982.52582,90532.45032,60138.94603,67419.9365,32606.25477,110666.4383,47357.89096,25400.98227,73754.15995,53753.85664,79263.39198,41198.44365,120681.5073,82294.03682,80542.97866,99538.38523,95684.66556,95782.80349,114386.5109,97003.89959,114323.6403,104631.7337,108384.3792,56344.63752,68247.95671,104934.1784,87982.89199,62041.70422,117752.3721,36055.46864,74888.64577,94668.80202,82961.18258,99918.07187,72947.09095,53190.78056,64195.24677,50761.87566,34529.77132,29153.83383,63690.10341,86802.98635,50403.08524,43490.59021,27474.61091,63079.07372,111085.9794,60226.52525,36517.36333,70412.52197,49317.50233,91299.7934,41297.25751,55347.11438,75448.44064,86773.88888,51412.03261,31184.56245,68941.32515,110638.9551,61079.594,115583.2762,104550.4703,129392.3139
LAZYBROOK / TIMBERGROVE,27265.55096,36512.07526,30322.80972,58317.42552,22207.71071,31527.90421,77195.62104,61855.37067,86395.98559,11278.43595,33556.85076,45755.36073,52527.74007,69694.714,0,11682.14755,35237.54256,72758.78977,24595.96392,11521.75804,33930.97695,58988.46916,25888.28942,70738.68298,52349.58849,20563.95977,16681.90638,11217.06827,40594.07292,40431.02525,35864.73862,58383.22246,25306.46966,29809.52196,32783.93755,52790.80296,63162.57591,53278.35321,78582.744,128593.9009,132376.9195,27242.40749,43162.21501,46742.25019,57000.9555,75982.06836,64728.99607,102534.0526,65421.00904,60771.36921,64434.99658,52555.23387,65739.54912,59219.69155,126142.1923,53961.25593,47201.82904,49426.78612,44298.23461,55692.8901,41836.21022,46353.57903,66290.87578,71008.84977,36589.23725,34002.22268,38009.23954,46656.99445,60551.24047,30669.74739,49174.36967,35303.30223,50301.5502,24914.1277,36752.52491,34967.50684,40194.27755,30431.1564,37854.58529,44629.65385,85439.07765,50964.76338,18312.27324,48588.71859,22474.59975,55580.64202,41201.20476,68736.71661
GREATER HEIGHTS,19538.12879,27047.4396,21099.26794,48356.1014,27581.63837,36002.52686,68544.59153,51460.9561,92633.02208,12348.53436,23192.42175,34564.50298,42109.90008,56146.35378,11682.14755,0,22468.88836,66683.67015,14720.97691,23780.74757,47149.01369,45896.76385,39168.44399,60407.9504,41947.67001,32039.48582,11461.98747,15264.34169,27525.67279,52466.33766,22519.06229,44952.01293,26147.47499,22279.71917,34953.45031,39093.75156,71108.96493,53855.69393,71005.16908,115605.3133,119088.3241,38025.96859,55555.40085,52417.91144,65777.83142,77913.71136,70852.85573,91586.53403,61014.65337,64958.82715,63544.28659,48730.3486,71734.93758,50906.00971,114948.9649,56453.47485,47715.81311,53913.44629,43216.17803,50239.50752,39662.21786,41323.1288,57916.40762,62034.59112,32232.80263,37664.0392,32002.95461,38578.6582,51418.12676,28831.76966,56090.73344,29692.48893,41834.41471,25257.81776,29045.31364,41039.20348,31502.81405,23340.90436,38474.80287,47386.07555,77452.97456,41656.66753,20778.50566,54900.37042,18103.16359,61532.78794,47018.44916,74503.78589
KASHMERE GARDENS,27487.18486,18166.60264,18486.80415,26922.53229,49065.75016,56040.59235,68374.5436,49829.32998,119296.7531,32779.33633,10754.19973,21338.42525,17869.31222,32308.24268,35237.54256,22468.88836,0,70667.16556,15371.81141,47550.96239,70927.94107,20316.92687,62816.15987,36295.99834,17710.05394,54751.47366,24199.82503,40081.63038,11597.83648,74738.6561,19633.20684,24477.4298,39013.09079,26474.02311,44887.73172,29248.1172,86285.18775,59002.64369,69218.08849,105191.2745,105824.236,59833.75818,78618.51559,71831.04784,86161.88647,91317.08543,86039.90338,83683.83622,65427.17154,82460.65884,75611.53091,55628.94697,91909.50729,36390.04543,105305.0223,71294.29972,60931.78079,72327.50766,54031.02918,50993.16031,44686.53831,40153.68316,41914.20896,48304.90684,40267.56045,57119.50128,34777.09708,34523.48471,34123.72665,38084.32048,79599.31239,34901.47532,28083.73804,41068.16133,28684.932,62843.63934,24509.20828,29005.71073,51208.58434,63700.1374,63441.0778,23856.7635,38862.10877,81203.42298,30641.51496,89717.61215,75393.86372,103162.1999
MINNETEX,58373.45365,50913.97071,51908.80483,51398.70757,66030.64944,103867.6362,17648.90149,19234.17615,122135.3954,61427.03361,57621.0597,50849.49921,58684.91333,66145.43459,72758.78977,66683.67015,70667.16556,0,63649.00926,79025.70558,99675.18725,73437.79013,91821.73802,85146.50017,74359.06904,94122.89501,80256.34616,82817.21564,75747.08516,109310.1442,77756.72759,78679.24764,92536.39882,83483.54788,104685.5698,90899.32084,138481.3275,116745.7615,127043.3844,159740.886,158260.3151,99789.74956,111217.6148,69615.58536,75772.64402,49787.24146,58827.95202,42803.51349,9284.475656,63380.85829,38311.88785,18315.92322,85602.04686,38814.92058,63029.04532,51274.97017,45354.78521,63852.3618,36184.95425,18052.20362,33912.50602,31815.82783,36881.18979,35366.40283,42002.00615,61928.35912,39288.99443,34421.21563,45395.40534,46381.3932,83832.54359,46840.2581,41020.59534,55499.27667,42118.66451,71835.34481,45480.98005,51486.63539,45448.97074,52584.4511,35380.82381,47828.04108,59463.31057,91208.03896,52844.7252,105658.6127,99564.91146,122595.0729
NEAR NORTHSIDE,19782.97003,18785.66514,15732.39897,35112.48928,40555.24605,47298.24866,64547.92747,46988.09457,111808.7997,25172.29971,10623.34501,26241.12877,26130.24866,49792.15005,24595.96392,14720.97691,15371.81141,63649.00926,0,37385.79262,57524.78096,39092.90237,47088.46664,45997.41327,26084.02969,40154.47848,14506.19489,30967.96406,19765.62345,61092.36636,17894.18755,37517.63506,30790.69255,20867.40852,39590.53034,32558.5038,78083.18495,53634.19173,67702.68905,109749.9415,112765.1043,50472.20117,63677.60621,63344.55948,73397.33273,83705.53712,77201.19898,86283.24333,60420.486,73389.742,66201.00171,48992.18344,83514.10777,42780.48784,109524.7063,62556.28963,53690.8241,62969.64814,47332.51874,46595.15933,41811.2179,39694.11649,49015.32214,51077.21061,34404.60454,46434.84712,32242.89557,32750.43519,41126.86948,31072.35407,71699.02335,30370.64185,32508.81191,32216.95245,25949.07664,54826.40369,25098.75494,22739.45859,43366.43738,54434.81411,69192.66016,29726.04164,30226.22953,73741.80702,20947.96926,81804.99978,67412.70194,94587.23943
SPRING BRANCH EAST,38958.02677,49127.7795,42439.28364,71170.47964,16499.07761,25385.94242,85340.7757,71631.93072,73363.70692,23714.25567,46768.0326,58151.11899,65728.26272,82444.54821,11521.75804,23780.74757,47550.96239,79025.70558,37385.79262,0,20899.99606,71289.62309,12985.52663,83828.62443,65507.60484,12690.60985,27222.12733,15195.28083,52103.04968,28300.75361,45018.12376,69891.59248,25554.86352,34836.19698,37823.31017,61898.32364,57078.52634,53256.52876,81812.3213,134037.8517,138419.3526,17288.53173,30831.79784,37388.38553,50741.2833,73070.421,66148.17814,112251.5389,73191.51816,53736.62414,63969.22459,60018.6248,55581.42202,70699.75531,136266.203,54772.71179,48894.48123,44889.82818,50865.87264,64770.25482,49311.70942,55415.61128,77743.38857,82933.85027,45856.93637,33141.92604,48164.01676,58144.43284,72679.98093,38376.88419,37945.00057,45330.00511,61775.16658,30177.94841,47407.80052,25445.03354,52226.16463,41501.97643,42354.36862,44800.32444,96406.9607,63143.18726,23167.61454,35998.3906,32957.73885,42175.58025,27707.68788,55441.47417
SPRING BRANCH NORTH,59395.74931,70859.86436,63013.56673,92013.05485,30741.68288,27351.52695,108224.9288,95485.03839,58190.83639,47937.74381,67569.61906,82490.05856,86381.87542,106147.7558,33930.97695,47149.01369,70927.94107,99675.18725,57524.78096,20899.99606,0,94507.10846,10532.12012,104216.3663,86064.64849,16888.66792,47221.63777,35005.09717,74297.19668,13544.40836,63955.27815,91761.59027,37068.3157,52497.2322,49738.20086,79368.0022,48631.19375,59513.08088,91751.131,145326.0379,150446.8016,13209.26809,8456.054939,42332.76494,51333.74248,83044.90728,72530.40733,135892.1501,88907.33411,59857.97895,79470.43617,77940.3652,54996.2537,90686.29625,160137.6457,61296.25325,61217.89754,50622.31246,66200.16142,83696.80711,65629.53746,73510.04736,97681.15215,103238.9359,64463.11461,42696.81125,67429.41245,80565.58224,93172.60349,55990.80126,33837.9447,64462.50388,81837.78276,46243.63708,66944.68181,30846.91171,72602.85299,61576.28471,55806.51597,52300.8614,115776.0861,83682.70234,40215.07432,27362.57829,52918.80167,24879.41217,11985.29185,35918.61666
EL DORADO / OATES PRAIRIE,49983.91393,31921.53193,40091.73867,21798.18222,72820.32307,77273.20329,68077.64343,50006.42575,141166.1543,54562.57263,26028.67311,19833.49983,14795.99249,14772.77013,58988.46916,45896.76385,20316.92687,73437.79013,39092.90237,71289.62309,94507.10846,0,86011.71691,12565.83421,13807.96266,78024.95793,47361.47249,62434.33239,19295.63898,97575.78459,34159.0089,17564.95313,60063.69004,45349.9329,64106.43474,32136.95605,105286.2789,73723.25108,74230.92879,93455.32136,91011.37404,82712.46405,101830.2694,92829.8388,108563.1261,107447.8946,105813.8148,77228.18216,72635.9695,102028.451,90951.24114,64767.01871,113018.3596,39058.80242,96312.35603,91433.04137,80173.75292,94414.807,71112.33292,54188.33556,61802.91213,50244.8305,39402.1453,44383.11905,59814.22182,79867.97429,49000.22475,44892.04849,32102.77205,57678.47036,102671.0167,55064.88321,36433.5141,63400.11334,46346.74895,84469.03148,38776.85183,49483.02206,71722.319,82684.6472,58928.81137,29867.09169,60497.22025,103137.1896,53505.41835,111778.4329,97499.77155,125249.2946
SPRING BRANCH CENTRAL,48565.89721,62489.62238,52049.68197,80618.44383,23252.20475,23513.27174,99986.66456,87071.21954,65599.69446,39644.81337,59031.53885,74149.47167,74727.59494,98202.28869,25888.28942,39168.44399,62816.15987,91821.73802,47088.46664,12985.52663,10532.12012,86011.71691,0,92740.25452,74445.1985,7702.218552,36097.717,25808.33162,65266.19937,17585.63295,54125.99869,82482.93663,29834.57634,43670.01358,44050.37889,70737.09581,51007.26727,54767.72171,85759.04495,138965.3226,143783.8327,12361.58837,16891.10199,38935.97755,50552.1381,75741.65895,70482.85071,127538.1616,81681.87505,55303.01925,71522.7652,70152.27884,49695.42426,80316.9341,151721.8812,59209.54536,55695.12862,49297.22076,58970.14998,75542.36981,57869.66868,64583.99435,87361.81745,93904.0156,55127.48749,38520.96924,58512.38167,72099.67357,83800.12878,47249.83707,34521.37642,54782.08277,71395.20569,38265.2219,57494.50624,28263.54162,61860.79242,51110.68711,49516.77589,49402.43264,107094.5897,73057.02718,31717.25474,28022.47757,42513.4811,34937.42395,20537.56226,47568.68582
HUNTERWOOD,57151.95973,41957.02225,48898.6461,30636.27955,86433.72797,90351.96528,76802.53081,60728.56621,157393.4214,70805.16932,38543.35351,31727.68146,24182.59739,16769.69182,70738.68298,60407.9504,36295.99834,85146.50017,45997.41327,83828.62443,104216.3663,12565.83421,92740.25452,0,20420.22751,86503.8186,56535.15465,77362.99878,30889.69459,106961.7748,42673.37672,19697.45799,73545.16994,58183.9102,68870.44463,34096.61183,115800.8794,81014.49958,74979.27715,91902.08725,88488.92993,96754.87604,108417.2276,108923.6237,116128.066,121452.1702,112832.1614,80865.30285,85449.95987,117540.6041,104964.6804,78030.99807,129127.2978,44868.5522,98221.79875,103279.3783,92106.47507,107716.5041,83927.87476,66398.42663,72969.97888,63970.61318,47618.05924,51066.39648,67594.33405,91407.25038,60796.06888,51106.58074,38500.37752,70118.94737,117602.3686,62070.51346,43996.22504,77313.59701,53691.61542,100701.7704,45600.65597,56526.85236,81390.37133,98046.91319,63632.89569,36451.65996,75782.58362,119372.3741,61818.84507,127809.1423,113459.9513,141045.8138
SETTEGAST,39350.18654,27745.28591,30537.53677,26147.30065,67440.16829,71465.51055,70731.71014,52255.61205,138479.8747,51893.85001,19930.09162,22058.16606,15871.09453,27982.52582,52349.58849,41947.67001,17710.05394,74359.06904,26084.02969,65507.60484,86064.64849,13807.96266,74445.1985,20420.22751,0,68379.50087,38216.71658,59063.54276,12463.15522,88312.55461,23918.58214,13553.66666,54753.28292,39312.81287,49653.59447,22811.7018,97285.20374,64664.49864,65011.10388,94283.24236,94347.66999,78323.93076,90177.26403,90073.81667,97909.32969,104959.6816,97914.34737,83762.86173,72334.52204,99278.0711,88621.53931,63892.22725,110253.6573,40717.96648,104701.6083,85808.06909,74936.08414,89206.15131,67162.65475,54852.39541,56415.38302,48696.50573,43403.37452,48809.30114,52017.02943,72782.18301,45214.48713,40970.93357,36527.601,52443.61517,98614.26804,46669.32226,35110.91068,58622.54616,40294.67298,81736.42816,35087.83842,40864.28709,63773.04555,79955.66754,64419.60296,27747.75855,56931.7962,100459.6899,43281.785,109182.2032,94851.12783,122689.6616
LANGWOOD,43352.34381,57739.18014,46777.65045,75033.86298,30094.26339,20624.41912,100239.7675,85611.88971,74552.94854,34901.72818,52372.59263,69038.59409,68719.71284,90532.45032,20563.95977,32039.48582,54751.47366,94122.89501,40154.47848,12690.60985,16888.66792,78024.95793,7702.218552,86503.8186,68379.50087,0,29498.68045,18102.54516,57439.2948,23384.14008,46947.78313,74781.09248,25136.49211,36596.7343,35037.50741,63926.75376,50163.21546,50428.83446,81210.21242,134092.6864,138714.0822,13588.33951,21196.94052,46508.20834,56671.17476,85477.40411,71721.83365,126301.0028,83095.51356,63754.29708,79274.033,73094.63983,62313.82892,75242.59818,149979.9629,63252.22923,60566.59089,51728.10442,59675.4675,76574.04477,58704.41085,63783.51991,82300.63223,91243.9723,51039.28469,42369.91718,57456.2876,69888.53098,79439.80401,46775.37221,42251.74668,50308.63719,67477.97139,37257.43512,55397.09312,33816.91505,57628.95848,46135.02912,52235.34633,53769.85722,105310.6877,68605.93566,32797.06862,38701.88631,40231.85391,42057.99648,27829.16574,54113.23774
INDEPENDENCE HEIGHTS,28935.17848,32434.14511,27635.64479,50384.13213,37349.35678,33166.84267,81573.12178,64016.18861,102969.0074,22370.65832,24423.62444,41634.98188,39948.90135,60138.94603,16681.90638,11461.98747,24199.82503,80256.34616,14506.19489,27222.12733,47221.63777,47361.47249,36097.717,56535.15465,38216.71658,29498.68045,0,19954.08899,27473.26533,48751.03688,19753.50558,45038.66281,16707.91893,11836.07439,22548.59908,36964.43131,62173.09702,41700.0149,61802.56866,110398.4534,114556.5717,38961.92271,51564.18678,61934.40069,72173.23949,89904.63684,80442.17084,102978.8612,72470.75698,75872.90098,76446.94086,62138.73431,81227.31828,57284.6654,126073.6385,68132.98651,60083.78059,64523.45573,55279.91796,60583.62833,50735.22712,51838.06293,63901.04217,66948.55148,42957.36883,49073.3224,42176.28731,47690.01667,56070.99116,40084.5966,65663.14011,40232.76164,47046.48783,36275.6652,37485.00782,50601.25094,38201.93262,32784.77924,49640.3162,59311.07244,83753.62934,44912.88721,32371.42655,65245.39206,28780.80704,71718.0262,57235.20968,84301.99412
CENTRAL NORTHWEST,39660.53369,47649.27221,41694.84367,68592.64171,27489.01639,17508.12705,87121.50363,71207.02814,83456.00351,18756.69792,42631.31088,53742.15519,60304.60748,67419.9365,11217.06827,15264.34169,40081.63038,82817.21564,30967.96406,15195.28083,35005.09717,62434.33239,25808.33162,77362.99878,59063.54276,18102.54516,19954.08899,0,44241.56399,37270.83582,36443.90404,58811.62447,14228.68564,20548.67531,25434.52755,47792.11656,53630.22078,41796.2131,65452.75776,115520.204,119806.0238,22432.4218,41531.99787,50054.18742,64963.29257,83771.78895,76192.71996,107601.5058,78271.35995,65730.55174,73803.64305,64862.10147,68536.41274,71393.01005,130887.1984,63688.54274,56353.28678,55614.41828,56813.04427,68660.93234,54601.47321,59319.85811,78401.61684,82647.55146,49535.82746,41720.90724,50865.20423,58907.23272,72027.92629,43418.12277,51233.72892,48214.05205,62393.07057,36723.14109,49240.65732,38384.86586,52065.19642,43098.74185,49475.62736,54393.03007,97855.00336,62156.92654,29753.46896,48156.00147,35395.22956,50576.55245,36567.52033,61406.70273
TRINITY / HOUSTON GARDENS,37555.08103,30955.20103,29843.72094,29051.22559,55245.22099,58440.16571,72469.96708,53919.59896,125273.468,39411.86655,18157.32522,23771.15097,17562.25866,32606.25477,40594.07292,27525.67279,11597.83648,75747.08516,19765.62345,52103.04968,74297.19668,19295.63898,65266.19937,30889.69459,12463.15522,57439.2948,27473.26533,44241.56399,0,76439.76193,12604.03127,15849.3147,41332.20626,26227.86707,43176.29897,16280.25976,84611.1585,52352.4553,56843.45989,90669.70879,92107.99987,63751.20327,80980.11254,79251.11796,94789.94106,100549.1002,96685.84173,85395.22619,72916.02034,90463.83462,83999.35063,63516.80064,99177.32794,46658.73413,106718.6281,81896.94963,72155.79341,81484.83026,64978.63626,56159.03733,56501.87347,49435.6272,50485.11301,50729.94964,51597.78155,65733.12606,47533.47413,43228.75195,43125.71914,48041.10902,86178.20316,46308.33986,39004.71917,50464.28086,40521.17157,69690.80667,37154.01747,39768.67924,61941.82367,72322.67665,71814.24646,32828.56266,46537.0287,87161.4871,40005.7284,94985.60694,80702.38683,108102.5473
CARVERDALE,68302.02483,77905.37483,71416.98126,98830.25963,40674.05189,23907.25785,117336.9607,104009.0446,65451.37673,54825.8572,72982.74893,89400.80463,90453.16474,110666.4383,40431.02525,52466.33766,74738.6561,109310.1442,61092.36636,28300.75361,13544.40836,97575.78459,17585.63295,106961.7748,88312.55461,23384.14008,48751.03688,37270.83582,76439.76193,0,64222.41819,93240.63955,36657.67592,53355.37872,44526.13272,79573.47835,35417.62097,55683.8877,88956.65512,142585.7458,148102.0874,12585.4981,8765.768777,54901.64261,63262.40965,93014.37656,87558.79167,144586.4114,102331.406,71953.53148,89604.53861,89462.84841,63644.5894,100270.9423,168688.9963,76329.12562,75496.99587,65388.57949,79517.04595,94609.97712,78575.71784,85258.65086,107358.2758,112126.961,75782.04234,57316.27357,78081.59833,88765.92864,101678.3283,67985.3483,48118.86335,75261.12498,91331.33609,58893.58984,77295.01101,43015.0516,81331.67916,71175.61898,69653.16877,67255.93418,126262.7132,92066.60033,52239.10559,37576.35281,62722.47898,32755.3844,20986.43341,39135.48826
EASTEX - JENSEN AREA,39736.20131,36824.65635,34603.58968,42685.90479,50482.25368,43902.09716,78734.21557,62722.60453,120075.7925,34670.84527,26578.50355,31332.10959,31069.71041,47357.89096,35864.73862,22519.06229,19633.20684,77756.72759,17894.18755,45018.12376,63955.27815,34159.0089,54125.99869,42673.37672,23918.58214,46947.78313,19753.50558,36443.90404,12604.03127,64222.41819,0,27195.90512,29448.9346,13579.61244,29923.64354,13672.76086,71178.86606,37384.03926,47469.19479,89310.87875,92510.9596,54015.6342,69057.99941,74806.87958,91802.19261,103578.8366,97041.08422,93710.63744,78964.20423,86532.82263,81374.27102,67949.78698,94651.84335,57519.60389,116364.2501,82428.49402,73579.65793,79618.38327,67353.5328,64041.41508,61311.89459,57247.30817,62476.4671,63397.75838,54351.08099,63555.36874,51945.72959,50420.31484,54758.95926,50985.30193,81266.01497,50057.59231,48323.44543,50497.00823,45187.58973,64927.7582,43248.59897,42527.85105,63400.4649,72724.84017,83694.46839,43458.54639,44500.41207,82061.74262,40971.93792,89675.09854,75251.49891,101695.6832
EAST HOUSTON,53996.58513,42188.13146,45225.18245,32097.24391,72377.97044,69528.69336,74909.88324,61200.87753,141471.3164,55762.47404,30603.91274,25814.23445,23655.03744,25400.98227,58383.22246,44952.01293,24477.4298,78679.24764,37517.63506,69891.59248,91761.59027,17564.95313,82482.93663,19697.45799,13553.66666,74781.09248,45038.66281,58811.62447,15849.3147,93240.63955,27195.90512,0,55256.70135,37925.3295,57226.72006,15686.898,97402.21005,59296.45856,53193.01742,77054.68946,77151.78401,78619.63226,98030.32786,95479.22629,112031.2654,114670.2535,112727.8616,84267.32065,81109.71225,105868.0939,94738.84247,73691.16643,115485.4867,53943.64722,104478.436,97982.40118,87624.2374,98548.60588,79958.16416,66195.43611,70563.0084,60802.8701,56137.35793,54066.08081,66955.31653,82960.32108,59809.88774,55769.2045,49190.02219,63752.93911,103381.5024,61632.78028,49289.33349,67301.19803,55146.75578,86073.85474,49571.77718,55679.68415,77921.28547,88596.71412,76705.81352,41880.74037,62905.89325,103412.8176,56870.37638,110745.9147,96376.04297,123300.5616
ACRES HOME,47084.46961,51775.65116,46700.43156,69099.10632,38324.93535,11427.0171,95374.834,78450.06814,92302.86544,33028.57181,43865.92452,56555.64126,58326.33471,73754.15995,25306.46966,26147.47499,39013.09079,92536.39882,30790.69255,25554.86352,37068.3157,60063.69004,29834.57634,73545.16994,54753.28292,25136.49211,16707.91893,14228.68564,41332.20626,36657.67592,29448.9346,55256.70135,0,15503.86072,15553.19171,42379.15879,44661.47967,23374.06197,52925.46829,106448.2259,111401.6721,21920.3178,41715.60427,60980.73513,78643.13596,98183.24512,91780.45629,117664.6594,89200.2007,77909.29149,84992.46161,76088.66004,77819.04837,76612.56539,140852.0681,79280.25287,71634.09531,71001.16246,69991.70868,78168.35031,66938.40073,69465.68274,83220.74153,85678.45778,60052.73154,57076.02477,60034.98096,64996.55927,75481.49804,56142.70853,63134.41793,57763.93542,66459.41086,51635.10592,56171.06821,52727.70859,57377.8155,50954.98782,64656.69175,70189.52254,103113.0717,64340.17321,44778.33612,58628.59953,45806.94638,59483.58785,45572.3046,69817.65892
NORTHSIDE/NORTHLINE,40661.30218,41965.85185,38225.50056,55228.045,44426.58282,29783.52391,85927.70584,69128.64937,106626.4384,34165.1976,32668.06738,40267.26732,43880.19775,53753.85664,29809.52196,22279.71917,26474.02311,83483.54788,20867.40852,34836.19698,52497.2322,45349.9329,43670.01358,58183.9102,39312.81287,36596.7343,11836.07439,20548.67531,26227.86707,53355.37872,13579.61244,37925.3295,15503.86072,0,22161.12059,26731.43445,62933.23259,28189.44889,43617.4726,93334.23778,97884.75742,38648.98817,58151.1983,69251.00741,85298.84443,100838.8254,93871.53443,100216.8139,82736.01628,82338.42484,80247.17381,70791.1109,88377.63541,65850.4065,123004.8959,79911.5486,71420.87713,74638.82234,67081.95231,69684.03965,63018.63357,62626.68867,71720.15761,73381.86908,55043.58231,59030.10059,53842.36142,55874.35571,63899.85168,52060.06946,71419.28201,51990.15741,55700.46066,49140.67318,48365.12709,58380.00038,48174.20997,44355.97354,62515.64469,70466.93039,92234.58306,52344.17729,42278.85806,69747.31913,41049.51246,74327.29693,60077.93416,85681.61009
HIDDEN VALLEY,50226.97341,56776.53465,50671.93444,71084.19824,54703.55106,23994.84787,106655.1067,89151.6606,110772.9127,42296.81066,49079.92296,65698.36733,61466.78985,79263.39198,32783.93755,34953.45031,44887.73172,104685.5698,39590.53034,37823.31017,49738.20086,64106.43474,44050.37889,68870.44463,49653.59447,35037.50741,22548.59908,25434.52755,43176.29897,44526.13272,29923.64354,57226.72006,15553.19171,22161.12059,0,41082.62949,46344.14899,20832.33792,47255.59102,100702.4755,105962.395,37693.70035,50377.52654,77969.49043,88621.98229,110170.058,98476.38321,127726.152,95814.83972,93411.46281,98337.22131,85420.18039,96396.46815,77739.32632,150598.9991,88123.08518,81383.33891,81817.29284,77435.97318,85314.08425,72181.71123,73076.03629,83755.09605,91736.5797,64190.31801,67619.15312,64585.26148,72882.50224,77125.49102,62127.17542,78168.03419,61402.37231,68473.36375,56589.89344,60609.92097,65707.85771,59811.00213,54090.28084,70718.21362,78552.48332,106799.5271,66995.24163,52002.29128,75456.9731,51559.18036,77458.11952,64118.4757,85987.22444
EAST LITTLE YORK / HOMESTEAD,53888.12749,48813.53905,47030.0463,44151.27118,66053.70528,58670.64043,88358.29775,71334.41102,132288.1013,48965.00098,35885.71882,39473.10508,33411.98617,41198.44365,52790.80296,39093.75156,29248.1172,90899.32084,32558.5038,61898.32364,79368.0022,32136.95605,70737.09581,34096.61183,22811.7018,63926.75376,36964.43131,47792.11656,16280.25976,79573.47835,13672.76086,15686.898,42379.15879,26731.43445,41082.62949,0,82859.32973,45814.35334,36053.60005,70126.2273,73717.04656,66536.28571,84547.27327,89409.41088,108541.128,117813.2533,112522.3909,99950.4296,89080.98319,102754.2463,96698.40069,79487.00296,109097.1229,64134.86862,120323.2621,97784.36286,88741.66618,95937.01264,81720.23134,73725.35677,74068.49862,67374.17247,67502.61943,67063.8624,68376.43392,79891.83196,65255.89355,61082.88094,60377.64436,64804.94001,97316.93169,63406.84792,56941.9869,65865.28363,57852.70573,81348.78196,54868.58776,56337.39961,78194.06745,88105.16348,88664.68357,50574.88517,60322.04065,94629.79023,55725.35087,100826.2799,86543.71427,112803.3354
WILLOWBROOK,90917.38015,97317.97168,91795.6864,114678.4201,74407.26647,33722.15111,143219.7517,127238.1454,94931.45639,75897.02392,89849.60881,106204.4515,103266.8869,120681.5073,63162.57591,71108.96493,86285.18775,138481.3275,78083.18495,57078.52634,48631.19375,105286.2789,51007.26727,115800.8794,97285.20374,50163.21546,62173.09702,53630.22078,84611.1585,35417.62097,71178.86606,97402.21005,44661.47967,62933.23259,46344.14899,82859.32973,0,41804.12387,75567.06093,125920.6931,133789.3068,37365.78831,43898.5457,89843.02825,98866.58292,129924.1725,121336.5301,167215.5517,130397.6942,107362.4876,123872.3985,117590.9822,101156.2707,122010.5299,190448.7872,110040.0736,106527.9041,99892.59489,108571.2442,120767.7687,106611.4736,111461.8111,128884.4192,131778.9807,101679.4849,89656.60265,102829.343,111110.9479,121426.1327,95427.95024,83212.56036,100216.62,112205.7327,87931.69621,100454.1865,77759.78148,102510.5486,94692.85559,100089.0328,100421.7806,148613.0486,110381.485,80862.15793,72900.47773,87417.32515,66063.64721,56209.93965,65452.34907
GREATER GREENSPOINT,72978.68589,75081.78349,71213.2101,84742.3811,65498.18812,30154.50844,119100.6967,102356.4108,115148.1367,61005.47481,65596.56426,71938.04179,73094.57521,82294.03682,53278.35321,53855.69393,59002.64369,116745.7615,53634.19173,53256.52876,59513.08088,73723.25108,54767.72171,81014.49958,64664.49864,50428.83446,41700.0149,41796.2131,52352.4553,55683.8877,37384.03926,59296.45856,23374.06197,28189.44889,20832.33792,45814.35334,41804.12387,0,31893.80986,84186.65138,90829.41077,42245.89589,61135.71385,89259.73613,106136.4217,126481.3048,119993.113,133556.0886,115491.4392,106240.3349,106309.9126,102955.6777,103097.595,98628.81229,156196.9797,107397.3184,99631.19288,99289.93625,97615.81059,102893.2938,94309.49481,95870.77929,104084.3556,105273.8671,86869.20414,85150.11689,86250.75772,89048.27256,96322.46372,83784.77154,90229.3758,84283.94161,88699.17511,79531.47692,81317.43337,80877.04221,81301.8162,76841.13063,92591.07672,98463.58297,125055.8739,84732.57711,72353.56264,84644.7367,72686.36909,82001.59652,68614.09664,88392.94102
IAH / AIRPORT AREA,89274.44065,86838.42062,84652.24786,86519.51421,90877.30834,62263.00792,127054.869,111779.9475,138464.0391,83090.74755,76186.74554,75970.27841,75509.10166,80542.97866,78582.744,71005.16908,69218.08849,127043.3844,67702.68905,81812.3213,91751.131,74230.92879,85759.04495,74979.27715,65011.10388,81210.21242,61802.56866,65452.75776,56843.45989,88956.65512,47469.19479,53193.01742,52925.46829,43617.4726,47255.59102,36053.60005,75567.06093,31893.80986,0,46105.31493,53067.99707,74587.13774,94476.01874,115062.1452,134336.9808,150730.6617,143818.1414,137547.3839,128789.2852,131417.6079,120915.2474,117969.3196,128265.16,105455.6753,148110.374,129942.4594,121392.5015,124333.9291,116535.2174,113569.3749,111259.3606,106995.1612,109319.453,109306.7467,103907.4698,108905.0964,101811.2056,100280.8532,101979.4278,100640.6812,119274.7056,99898.68514,97242.37404,98882.90062,95184.18653,107854.9202,93220.49824,92301.91741,112195.9518,120480.2158,130650.8368,91511.83586,92208.56199,114921.8191,90249.53472,105103.7193,97407.32566,113444.454
KINGWOOD AREA,131269.7663,123831.7833,124101.5874,113050.0199,140781.2765,115863.1916,155168.7046,142630.377,180947.914,125668.5914,110929.3083,107023.976,105131.3283,99538.38523,128593.9009,115605.3133,105191.2745,159740.886,109749.9415,134037.8517,145326.0379,93455.32136,138965.3226,91902.08725,94283.24236,134092.6864,110398.4534,115520.204,90669.70879,142585.7458,89310.87875,77054.68946,106448.2259,93334.23778,100702.4755,70126.2273,125920.6931,84186.65138,46105.31493,0,36319.19919,128178.971,148070.0182,164434.1606,184418.0321,194904.8643,189962.3644,157631.6273,162970.8576,179650.2512,160276.6136,155167.427,179941.3209,135405.4463,170350.1288,175261.6037,166131.9961,172679.4458,159040.89,148036.6648,150815.6395,142352.5625,136608.1767,131307.8975,145692.184,156624.7779,141252.7919,136856.803,129378.4765,142166.0569,170989.3615,140515.2683,131185.4018,143279.5975,134865.8629,157229.788,131134.8945,133663.6584,155688.9637,165584.937,154853.244,123634.8953,137553.6451,167313.4798,133192.5748,157593.4337,150586.7992,157234.3798
LAKE HOUSTON,133726.1257,123683.4055,125960.7949,111286.0228,144857.7225,121198.7037,152109.9214,140869.7168,185796.9382,128275.6133,111760.0348,107264.983,104997.714,95684.66556,132376.9195,119088.3241,105824.236,158260.3151,112765.1043,138419.3526,150446.8016,91011.37404,143783.8327,88488.92993,94347.66999,138714.0822,114556.5717,119806.0238,92107.99987,148102.0874,92510.9596,77151.78401,111401.6721,97884.75742,105962.395,73717.04656,133789.3068,90829.41077,53067.99707,36319.19919,0,133473.6618,153533.3503,168322.661,188347.3024,196350.3827,192817.6535,151682.4736,162029.8214,183142.7812,161279.2152,155369.0271,184204.5956,133773.9786,153082.844,178042.5108,168435.2909,176275.2148,161196.9638,147578.2042,152040.6187,142458.0063,133746.7714,127062.4495,147822.1121,160213.5662,141458.1198,137477.9868,126594.3671,144291.8867,175303.7276,142486.5189,130416.2761,146259.1773,136473.9265,161088.4678,131153.5896,135986.2271,158166.4128,168368.0046,149523.1251,123209.0897,140727.4262,171789.0447,135901.0615,162263.017,155380.9165,162957.1188
FAIRBANKS / NORTHWEST CROSSING,57578.47696,66474.90969,60434.19185,87764.94456,33494.09617,12057.53631,106654.3564,92289.74137,69266.82291,41347.59544,61967.32253,75173.38674,79771.98057,95782.80349,27242.40749,38025.96859,59833.75818,99789.74956,50472.20117,17288.53173,13209.26809,82712.46405,12361.58837,96754.87604,78323.93076,13588.33951,38961.92271,22432.4218,63751.20327,12585.4981,54015.6342,78619.63226,21920.3178,38648.98817,37693.70035,66536.28571,37365.78831,42245.89589,74587.13774,128178.971,133473.6618,0,17396.17142,51328.55513,62482.365,89383.31615,82946.70745,132944.5428,93252.20674,68130.47693,83137.36808,80096.56709,64429.81122,89568.14424,156596.2371,71696.29268,67883.76421,61670.76353,70770.42153,84794.07751,69355.21828,75418.80551,96633.68453,101263.4548,65775.9934,50875.56087,67821.81119,77006.40265,90743.20804,58426.77426,46668.30882,64994.51339,80630.9258,49975.64723,66884.4156,40456.35882,70481.34189,60626.6322,61608.17562,61869.72211,115720.472,81151.4867,43025.01194,39208.12746,52292.17914,35856.55513,22900.07132,45523.78617
WESTBRANCH,65093.18946,80595.32544,68903.08421,98007.82386,42329.76655,29225.60903,119498.6408,106408.1088,59638.20176,57507.00058,75902.58489,92113.47495,91487.06576,114386.5109,43162.21501,55555.40085,78618.51559,111217.6148,63677.60621,30831.79784,8456.054939,101830.2694,16891.10199,108417.2276,90177.26403,21196.94052,51564.18678,41531.99787,80980.11254,8765.768777,69057.99941,98030.32786,41715.60427,58151.1983,50377.52654,84547.27327,43898.5457,61135.71385,94476.01874,148070.0182,153533.3503,17396.17142,0,52322.77617,60485.10905,93663.31404,79071.4936,146922.3978,98933.34468,69632.20494,90909.5792,89471.8444,62033.95984,96775.15273,171074.4214,71739.90341,70958.09468,57794.88804,73663.52262,95071.4748,75174.60459,83648.75131,103590.0511,112921.0948,70527.96935,51810.74052,77837.56164,91233.75256,102164.3257,63249.14789,41062.14127,70488.27029,89654.13194,54357.16097,76589.59996,41656.11117,79692.28439,67403.23776,65459.97686,62955.53309,126385.9988,91359.21364,51007.8974,33956.24939,60384.59975,28242.91602,17494.97025,34065.04596
SHARPSTOWN,54880.70212,66497.64776,58507.25092,86906.04296,21017.99454,62565.20857,79254.78991,71527.39814,50946.75626,39633.90205,67833.03293,75387.90894,87260.7377,97003.89959,46742.25019,52417.91144,71831.04784,69615.58536,63344.55948,37388.38553,42332.76494,92829.8388,38935.97755,108923.6237,90073.81667,46508.20834,61934.40069,50054.18742,79251.11796,54901.64261,74806.87958,95479.22629,60980.73513,69251.00741,77969.49043,89409.41088,89843.02825,89259.73613,115062.1452,164434.1606,168322.661,51328.55513,52322.77617,0,14661.15282,39092.60199,31698.9841,108897.9783,58666.00931,15732.11754,40525.58674,53943.10265,18230.92846,77543.64273,132677.8118,21879.35388,30096.42299,10001.26244,38112.82766,61746.20725,42475.62916,54120.89401,83227.01258,88170.37992,43734.63883,16910.06257,51649.33842,67935.56799,82459.69207,41622.60529,14120.00974,51007.35086,70562.73665,29225.08493,55567.07976,11024.27477,64087.53221,52675.97486,32397.11574,17797.4638,96500.64751,75699.85601,30067.60308,18891.69521,45361.71427,32217.70278,35476.73959,50580.60703
WESTWOOD,61927.37553,75150.5406,65401.27937,92860.36046,39853.13413,75463.92812,90775.1566,84602.71242,52489.03163,58930.7556,78455.80951,86665.77005,92831.9155,114323.6403,57000.9555,65777.83142,86161.88647,75772.64402,73397.33273,50741.2833,51333.74248,108563.1261,50552.1381,116128.066,97909.32969,56671.17476,72173.23949,64963.29257,94789.94106,63262.40965,91802.19261,112031.2654,78643.13596,85298.84443,88621.98229,108541.128,98866.58292,106136.4217,134336.9808,184418.0321,188347.3024,62482.365,60485.10905,14661.15282,0,38689.0449,24065.99969,120237.6855,64869.38998,13067.2605,47541.77057,59339.8925,16852.88241,82963.02413,143056.3457,22417.27159,31302.3475,12841.26535,42725.08947,68146.45825,49223.10881,64752.51601,87175.40127,96999.25092,49144.08158,24680.88658,61937.06406,74963.35035,91455.25508,47504.61061,19036.97181,56399.95808,78403.49276,42576.58015,64032.72829,24075.206,70497.85608,58587.10676,37114.64494,24228.39285,103105.7051,82919.56826,45728.51159,25915.16083,53230.5873,38289.24738,43668.81581,57040.24701
FORT BEND HOUSTON,71757.80488,78752.86989,74162.47967,92624.82423,58236.83513,99915.54963,66456.67157,66664.93942,78382.33984,66675.51267,82721.69365,86550.56495,94950.79965,104631.7337,75982.06836,77913.71136,91317.08543,49787.24146,83705.53712,73070.421,83044.90728,107447.8946,75741.65895,121452.1702,104959.6816,85477.40411,89904.63684,83771.78895,100549.1002,93014.37656,103578.8366,114670.2535,98183.24512,100838.8254,110170.058,117813.2533,129924.1725,126481.3048,150730.6617,194904.8643,196350.3827,89383.31615,93663.31404,39092.60199,38689.0449,0,15449.94839,89888.05403,39587.36778,21039.68038,24755.77754,42260.85879,42572.37022,78978.88904,109468.1837,21112.7943,28322.77368,35252.08496,33681.53089,57974.09917,45812.25771,53653.54931,81549.54075,83069.34362,51246.78546,41285.10645,56851.88448,70233.94749,84636.41424,50356.21706,54179.16349,62758.08997,76274.66749,51656.99898,66833.57328,51453.80176,74969.41829,66113.5453,39606.02346,30897.22153,85826.80357,83171.57254,56226.08439,60173.51778,61591.81829,69105.15256,74724.63643,87630.13246
FONDREN GARDENS,60999.14502,70751.39461,64724.99224,87738.83456,51996.12209,94220.34085,76371.10956,71855.64822,74586.3089,60620.6769,77685.0129,83681.87198,89928.28086,108384.3792,64728.99607,70852.85573,86039.90338,58827.95202,77201.19898,66148.17814,72530.40733,105813.8148,70482.85071,112832.1614,97914.34737,71721.83365,80442.17084,76192.71996,96685.84173,87558.79167,97041.08422,112727.8616,91780.45629,93871.53443,98476.38321,112522.3909,121336.5301,119993.113,143818.1414,189962.3644,192817.6535,82946.70745,79071.4936,31698.9841,24065.99969,15449.94839,0,104468.9519,49658.03661,15550.29746,31826.32753,46613.95044,38814.93797,73544.79541,125457.2994,11616.52459,22410.8226,20681.84225,32199.74384,55774.46276,40672.99184,55602.76634,76666.16601,85848.15593,44778.116,32317.40289,54761.40091,65311.5045,82533.30507,45327.68942,43114.3798,52994.42967,70838.36555,43910.25687,58174.27807,40135.14341,65750.03525,56142.49215,32281.14264,20896.47067,88938.91791,76377.38297,49149.57817,52763.60044,54199.49462,65509.76493,69390.59568,84121.34168
SOUTH BELT / ELLINGTON,86876.03696,69240.42698,77782.0895,55362.76101,103833.0263,131131.0381,22743.23771,33419.32003,147799.8023,87992.69703,75602.38742,59677.33158,65300.47077,56344.63752,102534.0526,91586.53403,83683.83622,42803.51349,86283.24333,112251.5389,135892.1501,77228.18216,127538.1616,80865.30285,83762.86173,126301.0028,102978.8612,107601.5058,85395.22619,144586.4114,93710.63744,84267.32065,117664.6594,100216.8139,127726.152,99950.4296,167215.5517,133556.0886,137547.3839,157631.6273,151682.4736,132944.5428,146922.3978,108897.9783,120237.6855,89888.05403,104468.9519,0,53201.04806,106231.5631,70715.13264,57608.84145,126383.1725,51971.11543,24832.58337,96143.4595,87283.59719,107367.9332,77120.46095,50933.95203,73106.89817,60577.41545,44472.49653,32553.94882,78280.96114,103121.3309,66131.08415,53380.40418,49545.62015,83905.99506,125554.1681,79957.52954,58427.37304,90665.18358,67225.18949,107964.6648,68388.20586,81160.71829,85158.30972,94229.34563,20373.4034,58758.45883,93083.53856,127912.6841,84840.26244,128452.2564,130541.6641,149496.9474
SOUTH ACRES / CRESTMONT PARK,49441.59152,48119.22876,45471.93145,53061.41729,58704.66632,99722.73062,24244.57188,24084.1247,111167.6644,54396.18843,53730.68288,51878.31087,58307.54954,68247.95671,65421.00904,61014.65337,65427.17154,9284.475656,60420.486,73191.51816,88907.33411,72635.9695,81681.87505,85449.95987,72334.52204,83095.51356,72470.75698,78271.35995,72916.02034,102331.406,78964.20423,81109.71225,89200.2007,82736.01628,95814.83972,89080.98319,130397.6942,115491.4392,128789.2852,162970.8576,162029.8214,93252.20674,98933.34468,58666.00931,64869.38998,39587.36778,49658.03661,53201.04806,0,52660.37134,28024.91346,10266.32517,74701.74567,40362.47589,75583.25138,40712.51272,33079.54117,52304.18523,24006.33998,16061.27011,22696.05855,23924.33082,40637.55524,41085.47235,31362.89892,49588.29228,31063.30993,31992.87991,45852.28429,34516.19648,72887.91023,37303.21179,40590.79334,44235.3024,37553.37609,61230.78673,41675.71432,42906.21364,32841.51026,40206.45486,43190.52018,48047.94381,48728.05446,80349.73822,43202.75239,94837.50035,90603.99491,111912.7995
BRAYS OAKS,63701.57836,73947.20229,67029.87291,92652.63921,37909.45078,79313.64818,77711.20818,72849.58205,56848.43255,51727.32192,76509.15218,82599.64451,93354.08833,104934.1784,60771.36921,64958.82715,82460.65884,63380.85829,73389.742,53736.62414,59857.97895,102028.451,55303.01925,117540.6041,99278.0711,63754.29708,75872.90098,65730.55174,90463.83462,71953.53148,86532.82263,105868.0939,77909.29149,82338.42484,93411.46281,102754.2463,107362.4876,106240.3349,131417.6079,179650.2512,183142.7812,68130.47693,69632.20494,15732.11754,13067.2605,21039.68038,15550.29746,106231.5631,52660.37134,0,33200.69273,51822.47992,21494.76036,80601.92041,127991.2319,16659.41727,27526.01842,11346.87027,34694.89475,62428.52896,44918.78564,54873.43706,85195.54039,88911.33859,47144.93529,24407.45863,54793.51866,72688.62524,86039.47287,45438.76976,29024.64924,57305.8237,75212.80804,38360.38623,61839.38521,28500.94599,70685.84453,59751.84353,34512.57591,16319.09188,95072.79651,81293.51939,40491.30037,35814.83895,53203.88039,48564.10252,52946.56299,67054.13756
CENTRAL SOUTHWEST,56182.588,62528.02161,58166.28041,76423.48106,45667.98972,87729.86094,52587.38734,52205.86209,79568.89582,53894.2876,66622.44957,70213.52387,78497.52553,87982.89199,64434.99658,63544.28659,75611.53091,38311.88785,66201.00171,63969.22459,79470.43617,90951.24114,71522.7652,104964.6804,88621.53931,79274.033,76446.94086,73803.64305,83999.35063,89604.53861,81374.27102,94738.84247,84992.46161,80247.17381,98337.22131,96698.40069,123872.3985,106309.9126,120915.2474,160276.6136,161279.2152,83137.36808,90909.5792,40525.58674,47541.77057,24755.77754,31826.32753,70715.13264,28024.91346,33200.69273,0,28259.17023,53286.66344,62776.86699,93790.75159,23643.87012,19294.69273,36555.51119,20312.3195,42711.2966,29817.75712,37458.1927,65688.13967,67831.27993,35545.63581,37663.69252,40666.20131,54123.0828,68405.20108,35164.53966,57207.93747,46684.493,59922.58369,41865.26172,50734.675,46677.80602,58667.53449,50310.13049,26894.42474,26884.95427,71992.73726,66759.95782,45433.84506,61729.98514,47008.12156,67774.50222,71705.18351,86116.65956
SUNNYSIDE,39119.64689,39209.92772,35799.97313,46965.08089,46318.04217,86245.65435,28375.71975,22406.39526,107717.4454,42928.59387,44560.78203,45034.68097,50904.62746,62041.70422,52555.23387,48730.3486,55628.94697,18315.92322,48992.18344,60018.6248,77940.3652,64767.01871,70152.27884,78030.99807,63892.22725,73094.63983,62138.73431,64862.10147,63516.80064,89462.84841,67949.78698,73691.16643,76088.66004,70791.1109,85420.18039,79487.00296,117590.9822,102955.6777,117969.3196,155167.427,155369.0271,80096.56709,89471.8444,53943.10265,59339.8925,42260.85879,46613.95044,57608.84145,10266.32517,51822.47992,28259.17023,0,72043.49297,33724.21359,81401.7247,36031.03291,25480.66063,46837.65364,15525.76706,12308.35587,13224.98442,13768.87819,35488.55515,37224.76445,21432.4897,41872.91354,20582.19931,24869.78935,39268.45773,25128.97422,67560.09908,27008.23437,33152.08449,34408.68488,28290.50592,52785.76774,33244.89299,32534.59401,24368.0822,34795.03292,42050.54338,40087.6334,38761.75661,73608.27632,32892.18587,87175.69469,79710.26762,103636.0063
ALIEF,75194.5434,86759.44791,78831.0585,107128.0081,40267.01956,75962.5734,97194.87303,91361.12688,31900.66451,59658.74946,88101.24719,95661.97631,107477.1579,117752.3721,65739.54912,71734.93758,91909.50729,85602.04686,83514.10777,55581.42202,54996.2537,113018.3596,49695.42426,129127.2978,110253.6573,62313.82892,81227.31828,68536.41274,99177.32794,63644.5894,94651.84335,115485.4867,77819.04837,88377.63541,96396.46815,109097.1229,101156.2707,103097.595,128265.16,179941.3209,184204.5956,64429.81122,62033.95984,18230.92846,16852.88241,42572.37022,38814.93797,126383.1725,74701.74567,21494.76036,53286.66344,72043.49297,0,97397.83662,148773.6601,37063.92278,47831.5511,23373.25743,55141.22773,80860.45849,61923.48422,73183.81446,102815.9902,107529.9576,63413.45284,37018.23418,71389.66453,88093.46626,102405.8233,61443.7501,19683.27888,71241.61682,90662.67689,49587.64747,75823.85908,27066.94125,84357.96796,72961.57131,51900.099,34977.47194,115055.3351,95897.226,50422.80368,26930.89869,65697.85886,34581.82627,44366.35586,45988.94219
PECAN PARK,35416.54354,21410.06486,27919.23775,19244.78508,62159.52817,91395.9993,33508.06038,15743.38206,130852.9495,51568.42325,30154.39602,26278.38103,28761.95657,36055.46864,59219.69155,50906.00971,36390.04543,38814.92058,42780.48784,70699.75531,90686.29625,39058.80242,80316.9341,44868.5522,40717.96648,75242.59818,57284.6654,71393.01005,46658.73413,100270.9423,57519.60389,53943.64722,76612.56539,65850.4065,77739.32632,64134.86862,122010.5299,98628.81229,105455.6753,135405.4463,133773.9786,89568.14424,96775.15273,77543.64273,82963.02413,78978.88904,73544.79541,51971.11543,40362.47589,80601.92041,62776.86699,33724.21359,97397.83662,0,75141.24617,63925.1293,52348.35296,73007.27321,43443.27287,20901.38724,33789.14242,22477.8966,6236.473646,15959.39037,33176.52365,59254.55022,23623.02459,8480.738393,7037.44215,35464.40871,89819.99846,32571.37422,8396.793611,47151.07152,21883.18756,73667.6477,17321.48953,30455.41466,44603.93054,61352.06771,30837.56845,11746.75431,49136.44031,94555.10964,35614.75229,106767.3103,95261.61976,122368.2378
CLEAR LAKE,110481.611,92528.66683,101369.612,77303.88676,128225.6163,154525.2229,46229.77171,57099.09614,178080.9303,111445.0102,98730.1748,79153.14075,87050.86737,74888.64577,126142.1923,114948.9649,105305.0223,63029.04532,109524.7063,136266.203,160137.6457,96312.35603,151721.8812,98221.79875,104701.6083,149979.9629,126073.6385,130887.1984,106718.6281,168688.9963,116364.2501,104478.436,140852.0681,123004.8959,150598.9991,120323.2621,190448.7872,156196.9797,148110.374,170350.1288,153082.844,156596.2371,171074.4214,132677.8118,143056.3457,109468.1837,125457.2994,24832.58337,75583.25138,127991.2319,93790.75159,81401.7247,148773.6601,75141.24617,0,118610.4049,111084.2474,130723.4941,101118.0498,74993.82487,97224.70392,84595.96469,67789.76166,55775.43966,102589.5318,127542.2203,89920.19436,76880.74175,72203.61148,108212.6613,149561.5294,104176.494,81582.89459,114913.3516,90971.90823,132328.8446,91901.38725,105040.8331,109459.851,118161.4899,43674.27183,81624.28383,117231.8616,152176.9251,108898.8818,159932.856,154909.999,176429.6253
WESTBURY,51244.21142,59773.30255,54023.55316,77018.93036,40184.68096,83106.82224,67114.33532,61358.61194,73234.82486,45917.50679,63085.99127,69179.91328,77902.28289,94668.80202,53961.25593,56453.47485,71294.29972,51274.97017,62556.28963,54772.71179,61296.25325,91433.04137,59209.54536,103279.3783,85808.06909,63252.22923,68132.98651,63688.54274,81896.94963,76329.12562,82428.49402,97982.40118,79280.25287,79911.5486,88123.08518,97784.36286,110040.0736,107397.3184,129942.4594,175261.6037,178042.5108,71696.29268,71739.90341,21879.35388,22417.27159,21112.7943,11616.52459,96143.4595,40712.51272,16659.41727,23643.87012,36031.03291,37063.92278,63925.1293,118610.4049,0,10054.27487,13564.90241,19622.53951,45278.33117,28332.89735,42747.96593,68090.07229,74241.41133,31942.50084,20571.68266,41091.8184,55873.20416,69827.80789,30556.17439,35714.08103,43285.0563,59335.03531,29636.59336,47506.28536,29339.43611,56165.319,46145.61965,19220.51712,8816.550397,79579.80642,65820.68227,34827.33849,44199.5373,40759.87992,58476.51891,58721.37274,76455.91356
WILLOW MEADOWS / WILLOWBEND AREA,41218.33694,48802.39508,43663.14745,65540.44858,33829.02528,77228.72326,57745.18264,50248.57445,83664.44855,37119.33889,52511.78305,58136.95335,66460.59786,82961.18258,47201.82904,47715.81311,60931.78079,45354.78521,53690.8241,48894.48123,61217.89754,80173.75292,55695.12862,92106.47507,74936.08414,60566.59089,60083.78059,56353.28678,72155.79341,75496.99587,73579.65793,87624.2374,71634.09531,71420.87713,81383.33891,88741.66618,106527.9041,99631.19288,121392.5015,166131.9961,168435.2909,67883.76421,70958.09468,30096.42299,31302.3475,28322.77368,22410.8226,87283.59719,33079.54117,27526.01842,19294.69273,25480.66063,47831.5511,52348.35296,111084.2474,10054.27487,0,22576.34878,8374.812183,34039.48372,16786.40899,30942.18731,56555.36995,62692.66093,20944.83237,17262.00584,29319.9274,44299.02397,58003.11106,20829.7136,44065.34624,32593.02945,47846.50679,23774.04006,36621.92946,31537.7887,45083.19496,35640.01409,9330.412494,10642.86076,69284.66331,54404.22087,26999.61117,51001.66639,31103.46595,65327.76133,61818.5462,82410.14107
BRAEBURN,53525.41548,64399.30731,56982.57149,83897.73542,31036.72031,72921.19475,77663.79786,70897.14934,59397.64594,45289.74879,66566.01942,73168.53515,84452.78774,99918.07187,49426.78612,53913.44629,72327.50766,63852.3618,62969.64814,44889.82818,50622.31246,94414.807,49297.22076,107716.5041,89206.15131,51728.10442,64523.45573,55614.41828,81484.83026,65388.57949,79618.38327,98548.60588,71001.16246,74638.82234,81817.29284,95937.01264,99892.59489,99289.93625,124333.9291,172679.4458,176275.2148,61670.76353,57794.88804,10001.26244,12841.26535,35252.08496,20681.84225,107367.9332,52304.18523,11346.87027,36555.51119,46837.65364,23373.25743,73007.27321,130723.4941,13564.90241,22576.34878,0,29932.18241,55846.62128,37177.26482,50586.27426,78179.40491,82936.40027,38933.46203,13964.38391,47629.22353,64517.53316,78223.948,37071.49846,22908.60474,47992.60251,66815.92941,28600.16847,52598.30573,18579.75188,61418.45418,50163.75863,27251.83783,10277.97543,89916.51967,72523.31903,32288.43002,31390.21044,43245.38115,45635.77211,46727.5614,63739.69506
SOUTH MAIN,34700.15481,40985.88508,36586.41895,56960.1005,36088.63364,78312.89312,47696.83002,39439.07126,91141.93778,33164.00036,45169.01234,49759.0053,57937.87174,72947.09095,44298.23461,43216.17803,54031.02918,36184.95425,47332.51874,50865.87264,66200.16142,71112.33292,58970.14998,83927.87476,67162.65475,59675.4675,55279.91796,56813.04427,64978.63626,79517.04595,67353.5328,79958.16416,69991.70868,67081.95231,77435.97318,81720.23134,108571.2442,97615.81059,116535.2174,159040.89,161196.9638,70770.42153,73663.52262,38112.82766,42725.08947,33681.53089,32199.74384,77120.46095,24006.33998,34694.89475,20312.3195,15525.76706,55141.22773,43443.27287,101118.0498,19622.53951,8374.812183,29932.18241,0,24755.38257,8143.93557,20183.38559,47592.709,51731.57562,13775.51779,24793.36119,19445.95296,35349.74552,49033.21337,13908.30357,52303.32091,24975.05229,39264.45653,21446.91583,29085.38955,40171.01913,37204.47372,28641.21627,7924.64531,18475.91653,58771.78586,45913.69341,25603.56138,59652.8023,25362.19371,74135.86605,68535.79095,91018.23177
SOUTH PARK,39364.92093,31074.97254,32118.64106,33931.98941,52151.73195,89767.98725,22602.00722,15090.1261,115642.5982,45372.35422,37683.80854,36040.73477,40657.95545,53190.78056,55692.8901,50239.50752,50993.16031,18052.20362,46595.15933,64770.25482,83696.80711,54188.33556,75542.36981,66398.42663,54852.39541,76574.04477,60583.62833,68660.93234,56159.03733,94609.97712,64041.41508,66195.43611,78168.35031,69684.03965,85314.08425,73725.35677,120767.7687,102893.2938,113569.3749,148036.6648,147578.2042,84794.07751,95071.4748,61746.20725,68146.45825,57974.09917,55774.46276,50933.95203,16061.27011,62428.52896,42711.2966,12308.35587,80860.45849,20901.38724,74993.82487,45278.33117,34039.48372,55846.62128,24755.38257,0,19570.17374,12526.56514,21580.54939,29252.24086,25192.65694,49791.93033,19760.97246,14327.68796,26628.81772,31258.95887,75062.84538,28606.862,21686.23838,38613.36517,22098.41366,59978.66336,25440.751,32349.90771,31560.43118,43684.51576,32618.22354,29010.38026,41845.71014,80908.77768,34444.38461,94302.78999,85906.44051,110709.9478
ASTRODOME AREA,26568.16368,30348.60434,26362.49628,46248.59592,35193.61433,76058.52638,44018.88995,35328.06552,96344.2331,30656.43534,36055.66632,40299.75737,47154.75819,64195.24677,41836.21022,39662.21786,44686.53831,33912.50602,41811.2179,49311.70942,65629.53746,61802.91213,57869.66868,72969.97888,56415.38302,58704.41085,50735.22712,54601.47321,56501.87347,78575.71784,61311.89459,70563.0084,66938.40073,63018.63357,72181.71123,74068.49862,106611.4736,94309.49481,111259.3606,150815.6395,152040.6187,69355.21828,75174.60459,42475.62916,49223.10881,45812.25771,40672.99184,73106.89817,22696.05855,44918.78564,29817.75712,13224.98442,61923.48422,33789.14242,97224.70392,28332.89735,16786.40899,37177.26482,8143.93557,19570.17374,0,13355.16885,38774.91423,45868.49526,7142.025323,28614.10343,10592.31527,25799.0851,39758.55806,10515.542,55723.57133,15095.69419,28620.40659,19733.7956,18712.99942,40916.31289,26445.37628,20078.25893,10696.42194,25577.24539,54727.28408,35113.68139,24474.58897,61711.37381,20508.9706,75314.08035,68280.05595,91925.6318
GREATER OST / SOUTH UNION,25913.80228,23605.61853,22469.41655,35914.79279,43220.43715,80535.785,34875.78071,20052.69185,108034.8697,35997.60949,29645.8421,30234.10512,37315.793,50761.87566,46353.57903,41323.1288,40153.68316,31815.82783,39694.11649,55415.61128,73510.04736,50244.8305,64583.99435,63970.61318,48696.50573,63783.51991,51838.06293,59319.85811,49435.6272,85258.65086,57247.30817,60802.8701,69465.68274,62626.68867,73076.03629,67374.17247,111461.8111,95870.77929,106995.1612,142352.5625,142458.0063,75418.80551,83648.75131,54120.89401,64752.51601,53653.54931,55602.76634,60577.41545,23924.33082,54873.43706,37458.1927,13768.87819,73183.81446,22477.8966,84595.96469,42747.96593,30942.18731,50586.27426,20183.38559,12526.56514,13355.16885,0,27292.28541,32002.70738,16288.00517,41504.68907,6702.182419,14508.59931,27978.01484,20677.76622,67554.38791,16725.31258,18744.92373,27421.35901,12665.19778,52302.23225,18446.79278,19043.3998,25004.4292,36271.71638,41150.87944,25642.02352,29825.83232,73337.94719,22132.12769,86292.7083,77046.95034,102417.9409
PARK PLACE,41712.9441,28142.58874,34886.22324,20519.47254,68886.89382,98336.06275,27775.19479,13164.05073,136866.1662,58574.11944,36233.95019,30432.77584,31499.25427,34529.77132,66290.87578,57916.40762,41914.20896,36881.18979,49015.32214,77743.38857,97681.15215,39402.1453,87361.81745,47618.05924,43403.37452,82300.63223,63901.04217,78401.61684,50485.11301,107358.2758,62476.4671,56137.35793,83220.74153,71720.15761,83755.09605,67502.61943,128884.4192,104084.3556,109319.453,136608.1767,133746.7714,96633.68453,103590.0511,83227.01258,87175.40127,81549.54075,76666.16601,44472.49653,40637.55524,85195.54039,65688.13967,35488.55515,102815.9902,6236.473646,67789.76166,68090.07229,56555.36995,78179.40491,47592.709,21580.54939,38774.91423,27292.28541,0,8946.275464,38205.17445,65092.5818,29836.30109,15343.9796,8408.522464,41562.05525,95869.89922,37901.5493,15181.28181,53460.76567,28833.7346,79923.16722,24330.39374,36586.26502,49922.66034,66222.77602,23267.94405,17438.78114,55768.0939,100881.9383,42594.77524,113355.4087,102131.6665,129048.0455
MEADOWBROOK / ALLENDALE,51819.27281,33288.75693,42617.53165,20620.66427,74470.08062,101941.7832,20509.3165,14711.58856,141885.6443,64066.8962,39578.86658,31172.3269,31221.83542,29153.83383,71008.84977,62034.59112,48304.90684,35366.40283,51077.21061,82933.85027,103238.9359,44383.11905,93904.0156,51066.39648,48809.30114,91243.9723,66948.55148,82647.55146,50729.94964,112126.961,63397.75838,54066.08081,85678.45778,73381.86908,91736.5797,67063.8624,131778.9807,105273.8671,109306.7467,131307.8975,127062.4495,101263.4548,112921.0948,88170.37992,96999.25092,83069.34362,85848.15593,32553.94882,41085.47235,88911.33859,67831.27993,37224.76445,107529.9576,15959.39037,55775.43966,74241.41133,62692.66093,82936.40027,51731.57562,29252.24086,45868.49526,32002.70738,8946.275464,0,48348.24414,73678.51416,35231.36391,21056.86432,14232.5729,50850.00075,101027.2149,47892.79614,22403.74979,58852.03208,34430.2599,85225.78682,32875.51608,46665.71384,57513.44167,70425.91457,20007.34813,22838.47334,61322.06497,106210.4863,51074.66218,118852.8919,107738.274,134701.3081
MEDICAL CENTER AREA,18721.21015,24955.38684,19729.08583,42448.21778,34070.38905,70650.16654,50002.79093,38942.26372,97524.97124,26372.80188,31854.78324,37625.61539,43902.676,63690.10341,36589.23725,32232.80263,40267.56045,42002.00615,34404.60454,45856.93637,64463.11461,59814.22182,55127.48749,67594.33405,52017.02943,51039.28469,42957.36883,49535.82746,51597.78155,75782.04234,54351.08099,66955.31653,60052.73154,55043.58231,64190.31801,68376.43392,101679.4849,86869.20414,103907.4698,145692.184,147822.1121,65775.9934,70527.96935,43734.63883,49144.08158,51246.78546,44778.116,78280.96114,31362.89892,47144.93529,35545.63581,21432.4897,63413.45284,33176.52365,102589.5318,31942.50084,20944.83237,38933.46203,13775.51779,25192.65694,7142.025323,16288.00517,38205.17445,48348.24414,0,26001.79667,11855.02137,25904.57578,41066.73292,5915.122683,56698.93647,8192.123989,27770.26686,16981.09044,13298.28237,41482.85293,20543.40723,12249.47515,10776.27956,27582.52448,58883.24484,32117.18694,20848.68444,62400.9505,12788.04651,75780.8017,67799.32867,92220.73206
GULFTON,37199.6043,48467.99949,40729.26307,68593.63914,18312.96968,61700.73039,73853.10741,64141.83277,69340.69022,29844.879,50280.91583,59080.16286,68993.39918,86802.98635,34002.22268,37664.0392,57119.50128,61928.35912,46434.84712,33141.92604,42696.81125,79867.97429,38520.96924,91407.25038,72782.18301,42369.91718,49073.3224,41720.90724,65733.12606,57316.27357,63555.36874,82960.32108,57076.02477,59030.10059,67619.15312,79891.83196,89656.60265,85150.11689,108905.0964,156624.7779,160213.5662,50875.56087,51810.74052,16910.06257,24680.88658,41285.10645,32317.40289,103121.3309,49588.29228,24407.45863,37663.69252,41872.91354,37018.23418,59254.55022,127542.2203,20571.68266,17262.00584,13964.38391,24793.36119,49791.93033,28614.10343,41504.68907,65092.5818,73678.51416,26001.79667,0,37228.16756,51257.86714,66269.8056,23317.36506,28358.11846,32652.6404,52843.45559,14153.02406,38190.03881,13533.51354,45822.65989,34426.3505,16510.63239,11066.02292,84127.95627,57337.15641,16673.88322,34006.81166,27234.65147,47766.36839,43382.49039,64678.87728
MACGREGOR,18917.49265,18174.15656,16180.23497,34391.00165,38384.17594,71846.31129,41619.05426,25377.65586,105319.1083,28670.64746,27025.62693,29195.94037,35194.03083,50403.08524,38009.23954,32002.95461,34777.09708,39288.99443,32242.89557,48164.01676,67429.41245,49000.22475,58512.38167,60796.06888,45214.48713,57456.2876,42176.28731,50865.20423,47533.47413,78081.59833,51945.72959,59809.88774,60034.98096,53842.36142,64585.26148,65255.89355,102829.343,86250.75772,101811.2056,141252.7919,141458.1198,67821.81119,77837.56164,51649.33842,61937.06406,56851.88448,54761.40091,66131.08415,31063.30993,54793.51866,40666.20131,20582.19931,71389.66453,23623.02459,89920.19436,41091.8184,29319.9274,47629.22353,19445.95296,19760.97246,10592.31527,6702.182419,29836.30109,35231.36391,11855.02137,37228.16756,0,14567.29752,28405.64039,15030.23772,64454.83487,11704.02722,16921.19541,22778.56586,6674.356768,48886.8955,14300.80154,12206.10807,22192.89872,35360.56729,46214.21232,23115.46166,25239.12471,69894.6523,15678.1188,82836.63344,71742.43868,98585.546
GULFGATE RIVERVIEW / PINE VALLEY,30341.91106,14968.14664,21220.45617,25112.41685,51441.48275,79103.58499,33167.55241,15035.81148,120416.9302,39162.11392,23081.74007,25165.41698,30827.52325,43490.59021,46656.99445,38578.6582,34523.48471,34421.21563,32750.43519,58144.43284,80565.58224,44892.04849,72099.67357,51106.58074,40970.93357,69888.53098,47690.01667,58907.23272,43228.75195,88765.92864,50420.31484,55769.2045,64996.55927,55874.35571,72882.50224,61082.88094,111110.9479,89048.27256,100280.8532,136856.803,137477.9868,77006.40265,91233.75256,67935.56799,74963.35035,70233.94749,65311.5045,53380.40418,31992.87991,72688.62524,54123.0828,24869.78935,88093.46626,8480.738393,76880.74175,55873.20416,44299.02397,64517.53316,35349.74552,14327.68796,25799.0851,14508.59931,15343.9796,21056.86432,25904.57578,51257.86714,14567.29752,0,15037.52035,28780.55958,79336.67454,25820.56999,7057.597447,36507.63271,11094.49527,62843.1943,11835.81743,25046.59321,36167.14886,53306.07852,34276.55348,13606.83166,37916.00842,83500.14441,29123.61953,95211.55815,82995.73544,110544.2826
HARRISBURG / MANCHESTER,41088.00933,21159.28108,31667.6725,13543.77781,65889.42145,91298.58767,38195.39046,21234.41552,135503.4374,54221.11103,28341.45223,22899.11421,24568.10423,27474.61091,60551.24047,51418.12676,34123.72665,45395.40534,41126.86948,72679.98093,93172.60349,32102.77205,83800.12878,38500.37752,36527.601,79439.80401,56070.99116,72027.92629,43125.71914,101678.3283,54758.95926,49190.02219,75481.49804,63899.85168,77125.49102,60377.64436,121426.1327,96322.46372,101979.4278,129378.4765,126594.3671,90743.20804,102164.3257,82459.69207,91455.25508,84636.41424,82533.30507,49545.62015,45852.28429,86039.47287,68405.20108,39268.45773,102405.8233,7037.44215,72203.61148,69827.80789,58003.11106,78223.948,49033.21337,26628.81772,39758.55806,27978.01484,8408.522464,14232.5729,41066.73292,66269.8056,28405.64039,15037.52035,0,42443.91396,94434.82476,39605.23756,10934.31327,51630.71114,25899.02325,78095.01708,21103.62048,36475.24487,51593.51138,66700.12483,29003.43533,9574.775717,53137.01415,98893.31718,41969.44564,110762.2573,98197.75912,126128.903
UNIVERSITY PLACE,18618.91692,26485.68378,20895.59415,45091.33293,26064.94234,64825.4152,55785.26645,43537.32887,94650.47971,19521.46047,29750.6666,36084.64008,45698.62615,63079.07372,30669.74739,28831.76966,38084.32048,46381.3932,31072.35407,38376.88419,55990.80126,57678.47036,47249.83707,70118.94737,52443.61517,46775.37221,40084.5966,43418.12277,48041.10902,67985.3483,50985.30193,63752.93911,56142.70853,52060.06946,62127.17542,64804.94001,95427.95024,83784.77154,100640.6812,142166.0569,144291.8867,58426.77426,63249.14789,41622.60529,47504.61061,50356.21706,45327.68942,83905.99506,34516.19648,45438.76976,35164.53966,25128.97422,61443.7501,35464.40871,108212.6613,30556.17439,20829.7136,37071.49846,13908.30357,31258.95887,10515.542,20677.76622,41562.05525,50850.00075,5915.122683,23317.36506,15030.23772,28780.55958,42443.91396,0,53626.96656,9973.666548,29024.58242,10797.74385,14575.36378,37163.56856,23047.85397,12885.24229,10522.32818,25866.07716,63592.80211,33737.60627,13601.25839,57878.36418,9745.807324,69967.07893,59728.34235,85859.72264
WESTCHASE,64704.74798,76441.85374,68331.45817,97744.80059,27257.75731,59482.35855,95985.18745,87548.50669,39549.71996,52291.38826,76963.06608,85602.72709,97186.23677,111085.9794,49174.36967,56090.73344,79599.31239,83832.54359,71699.02335,37945.00057,33837.9447,102671.0167,34521.37642,117602.3686,98614.26804,42251.74668,65663.14011,51233.72892,86178.20316,48118.86335,81266.01497,103381.5024,63134.41793,71419.28201,78168.03419,97316.93169,83212.56036,90229.3758,119274.7056,170989.3615,175303.7276,46668.30882,41062.14127,14120.00974,19036.97181,54179.16349,43114.3798,125554.1681,72887.91023,29024.64924,57207.93747,67560.09908,19683.27888,89819.99846,149561.5294,35714.08103,44065.34624,22908.60474,52303.32091,75062.84538,55723.57133,67554.38791,95869.89922,101027.2149,56698.93647,28358.11846,64454.83487,79336.67454,94434.82476,53626.96656,0,62464.31475,82271.0754,40410.28041,66852.1727,16477.73378,74952.08872,63646.52811,45066.81032,31991.48833,110049.3234,86809.51801,40483.90031,8383.578865,56235.94488,19672.21131,28418.0376,39042.52059
MUSEUM PARK,10785.53216,21020.5404,14306.89743,38812.51134,34879.15457,69179.17348,52682.62275,39680.67316,103509.6503,25826.4477,26497.10118,33388.23353,39050.10269,60226.52525,35303.30223,29692.48893,34901.47532,46840.2581,30370.64185,45330.00511,64462.50388,55064.88321,54782.08277,62070.51346,46669.32226,50308.63719,40232.76164,48214.05205,46308.33986,75261.12498,50057.59231,61632.78028,57763.93542,51990.15741,61402.37231,63406.84792,100216.62,84283.94161,99898.68514,140515.2683,142486.5189,64994.51339,70488.27029,51007.35086,56399.95808,62758.08997,52994.42967,79957.52954,37303.21179,57305.8237,46684.493,27008.23437,71241.61682,32571.37422,104176.494,43285.0563,32593.02945,47992.60251,24975.05229,28606.862,15095.69419,16725.31258,37901.5493,47892.79614,8192.123989,32652.6404,11704.02722,25820.56999,39605.23756,9973.666548,62464.31475,0,26202.56285,19634.04871,11797.48892,46085.90532,16894.20874,6179.925655,21275.19172,37760.63801,59759.40169,29594.08806,21605.0458,66891.5577,10684.69782,79067.76619,68461.00546,94920.20647
LAWNDALE / WAYSIDE,28308.23962,11616.61783,18982.22058,16617.80766,53755.05748,81901.66997,38344.12161,20490.66951,123419.6417,42724.61298,20403.32964,19168.3157,23812.91199,36517.36333,50301.5502,41834.41471,28083.73804,41020.59534,32508.81191,61775.16658,81837.78276,36433.5141,71395.20569,43996.22504,35110.91068,67477.97139,47046.48783,62393.07057,39004.71917,91331.33609,48323.44543,49289.33349,66459.41086,55700.46066,68473.36375,56941.9869,112205.7327,88699.17511,97242.37404,131185.4018,130416.2761,80630.9258,89654.13194,70562.73665,78403.49276,76274.66749,70838.36555,58427.37304,40590.79334,75212.80804,59922.58369,33152.08449,90662.67689,8396.793611,81582.89459,59335.03531,47846.50679,66815.92941,39264.45653,21686.23838,28620.40659,18744.92373,15181.28181,22403.74979,27770.26686,52843.45559,16921.19541,7057.597447,10934.31327,29024.58242,82271.0754,26202.56285,0,39478.63833,13215.26632,65872.24921,8976.569603,23453.79035,38714.56803,55664.68727,37276.72056,6650.663875,40878.58714,86634.75957,28640.42757,98538.99098,86530.04423,113992.8169
GREENWAY / UPPER KIRBY AREA,23079.59723,34671.20705,26686.15777,55219.7208,15891.46001,57940.4662,63055.15687,50419.57707,81457.45073,15567.26067,36205.85415,43530.76326,55503.65109,70412.52197,24914.1277,25257.81776,41068.16133,55499.27667,32216.95245,30177.94841,46243.63708,63400.11334,38265.2219,77313.59701,58622.54616,37257.43512,36275.6652,36723.14109,50464.28086,58893.58984,50497.00823,67301.19803,51635.10592,49140.67318,56589.89344,65865.28363,87931.69621,79531.47692,98882.90062,143279.5975,146259.1773,49975.64723,54357.16097,29225.08493,42576.58015,51656.99898,43910.25687,90665.18358,44235.3024,38360.38623,41865.26172,34408.68488,49587.64747,47151.07152,114913.3516,29636.59336,23774.04006,28600.16847,21446.91583,38613.36517,19733.7956,27421.35901,53460.76567,58852.03208,16981.09044,14153.02406,22778.56586,36507.63271,51630.71114,10797.74385,40410.28041,19634.04871,39478.63833,0,24026.84081,24093.56168,32331.44091,20951.31018,14233.12118,20557.45152,70518.93167,44095.75087,5306.250823,44884.55964,13540.26601,57476.72889,49257.25879,73753.87001
GREATER THIRD WARD,16009.20181,11293.87868,9027.251189,28701.31576,38377.21915,69620.27697,42859.69486,26508.42969,107903.4771,28011.31591,20308.24604,24986.52318,30946.27792,49317.50233,36752.52491,29045.31364,28684.932,42118.66451,25949.07664,47407.80052,66944.68181,46346.74895,57494.50624,53691.61542,40294.67298,55397.09312,37485.00782,49240.65732,40521.17157,77295.01101,45187.58973,55146.75578,56171.06821,48365.12709,60609.92097,57852.70573,100454.1865,81317.43337,95184.18653,134865.8629,136473.9265,66884.4156,76589.59996,55567.07976,64032.72829,66833.57328,58174.27807,67225.18949,37553.37609,61839.38521,50734.675,28290.50592,75823.85908,21883.18756,90971.90823,47506.28536,36621.92946,52598.30573,29085.38955,22098.41366,18712.99942,12665.19778,28833.7346,34430.2599,13298.28237,38190.03881,6674.356768,11094.49527,25899.02325,14575.36378,66852.1727,11797.48892,13215.26632,24026.84081,0,50391.49711,6804.762136,10411.92994,25542.33717,42256.90314,47409.85249,17658.60453,25419.42794,71103.03654,14601.59287,83019.03217,71426.17072,98538.15216
MID WEST,47878.90872,59579.21246,51492.34212,80998.30075,13497.61337,52307.09053,79028.14869,68953.91215,56362.71945,33084.93729,60058.005,68766.26239,80259.22153,91299.7934,34967.50684,41039.20348,62843.63934,71835.34481,54826.40369,25445.03354,30846.91171,84469.03148,28263.54162,100701.7704,81736.42816,33816.91505,50601.25094,38384.86586,69690.80667,43015.0516,64927.7582,86073.85474,52727.70859,58380.00038,65707.85771,81348.78196,77759.78148,80877.04221,107854.9202,157229.788,161088.4678,40456.35882,41656.11117,11024.27477,24075.206,51453.80176,40135.14341,107964.6648,61230.78673,28500.94599,46677.80602,52785.76774,27066.94125,73667.6477,132328.8446,29339.43611,31537.7887,18579.75188,40171.01913,59978.66336,40916.31289,52302.23225,79923.16722,85225.78682,41482.85293,13533.51354,48886.8955,62843.1943,78095.01708,37163.56856,16477.73378,46085.90532,65872.24921,24093.56168,50391.49711,0,58278.68967,47088.60264,29832.46485,20554.78532,94996.46516,70165.16005,24057.17861,19088.50702,39583.37697,30850.94816,26403.56636,47224.40542
GREATER EASTWOOD,18375.44907,5558.10851,9088.561751,20694.113,45333.19647,71927.28605,45293.78409,28007.40411,115954.9028,33549.82881,16633.19849,19036.27827,24177.10368,41297.25751,40194.27755,31502.81405,24509.20828,45480.98005,25098.75494,52226.16463,72602.85299,38776.85183,61860.79242,45600.65597,35087.83842,57628.95848,38201.93262,52065.19642,37154.01747,81331.67916,43248.59897,49571.77718,57377.8155,48174.20997,59811.00213,54868.58776,102510.5486,81301.8162,93220.49824,131134.8945,131153.5896,70481.34189,79692.28439,64087.53221,70497.85608,74969.41829,65750.03525,68388.20586,41675.71432,70685.84453,58667.53449,33244.89299,84357.96796,17321.48953,91901.38725,56165.319,45083.19496,61418.45418,37204.47372,25440.751,26445.37628,18446.79278,24330.39374,32875.51608,20543.40723,45822.65989,14300.80154,11835.81743,21103.62048,23047.85397,74952.08872,16894.20874,8976.569603,32331.44091,6804.762136,58278.68967,0,13527.07865,34272.64654,51108.42919,47199.02181,10515.91795,32772.07818,78746.99864,19013.03585,90104.71458,77514.83868,105358.8697
MIDTOWN,6081.398346,16267.46838,7841.335817,34297.38219,34486.26916,63781.4304,55303.57515,40448.45747,104713.9867,22606.28398,20655.86926,28566.83654,33462.2737,55347.11438,30431.1564,23340.90436,29005.71073,51486.63539,22739.45859,41501.97643,61576.28471,49483.02206,51110.68711,56526.85236,40864.28709,46135.02912,32784.77924,43098.74185,39768.67924,71175.61898,42527.85105,55679.68415,50954.98782,44355.97354,54090.28084,56337.39961,94692.85559,76841.13063,92301.91741,133663.6584,135986.2271,60626.6322,67403.23776,52675.97486,58587.10676,66113.5453,56142.49215,81160.71829,42906.21364,59751.84353,50310.13049,32534.59401,72961.57131,30455.41466,105040.8331,46145.61965,35640.01409,50163.75863,28641.21627,32349.90771,20078.25893,19043.3998,36586.26502,46665.71384,12249.47515,34426.3505,12206.10807,25046.59321,36475.24487,12885.24229,63646.52811,6179.925655,23453.79035,20951.31018,10411.92994,47088.60264,13527.07865,0,24148.44361,40270.41775,60343.05636,25964.26216,21876.61584,67709.41805,7336.55694,79389.46021,66544.04823,94394.4562
BRAESWOOD,29564.63804,37792.00337,32092.26967,55909.04769,27266.52256,70526.52009,56229.89074,46459.69318,85969.14093,27975.0568,42881.25187,49338.86284,56619.07687,75448.44064,37854.58529,38474.80287,51208.58434,45448.97074,43366.43738,42354.36862,55806.51597,71722.319,49516.77589,81390.37133,63773.04555,52235.34633,49640.3162,49475.62736,61941.82367,69653.16877,63400.4649,77921.28547,64656.69175,62515.64469,70718.21362,78194.06745,100089.0328,92591.07672,112195.9518,155688.9637,158166.4128,61608.17562,65459.97686,32397.11574,37114.64494,39606.02346,32281.14264,85158.30972,32841.51026,34512.57591,26894.42474,24368.0822,51900.099,44603.93054,109459.851,19220.51712,9330.412494,27251.83783,7924.64531,31560.43118,10696.42194,25004.4292,49922.66034,57513.44167,10776.27956,16510.63239,22192.89872,36167.14886,51593.51138,10522.32818,45066.81032,21275.19172,38714.56803,14233.12118,25542.33717,29832.46485,34272.64654,24148.44361,0,15213.74928,66223.68876,44560.18853,18343.69314,50719.8421,20222.96926,64179.63924,57800.28803,80799.90923
MEYERLAND AREA,44532.71666,54398.82764,47724.32161,73073.21096,30627.06702,72977.97706,64709.55702,56745.0284,70666.67451,36407.92882,57139.09041,63041.61067,73756.63694,86773.88888,44629.65385,47386.07555,63700.1374,52584.4511,54434.81411,44800.32444,52300.8614,82684.6472,49402.43264,98046.91319,79955.66754,53769.85722,59311.07244,54393.03007,72322.67665,67255.93418,72724.84017,88596.71412,70189.52254,70466.93039,78552.48332,88105.16348,100421.7806,98463.58297,120480.2158,165584.937,168368.0046,61869.72211,62955.53309,17797.4638,24228.39285,30897.22153,20896.47067,94229.34563,40206.45486,16319.09188,26884.95427,34795.03292,34977.47194,61352.06771,118161.4899,8816.550397,10642.86076,10277.97543,18475.91653,43684.51576,25577.24539,36271.71638,66222.77602,70425.91457,27582.52448,11066.02292,35360.56729,53306.07852,66700.12483,25866.07716,31991.48833,37760.63801,55664.68727,20557.45152,42256.90314,20554.78532,51108.42919,40270.41775,15213.74928,0,77660.33644,61708.64855,25304.4499,39168.57073,33982.60036,53564.78091,51374.93309,70971.98678
EDGEBROOK AREA,65773.49286,47995.02762,56642.20646,41028.00753,85889.63004,117959.8995,19142.49779,23084.50931,150397.2128,76936.15468,56579.40034,51759.56895,52660.81556,51412.03261,85439.07765,77452.97456,63441.0778,35380.82381,69192.66016,96406.9607,115776.0861,58928.81137,107094.5897,63632.89569,64419.60296,105310.6877,83753.62934,97855.00336,71814.24646,126262.7132,83694.46839,76705.81352,103113.0717,92234.58306,106799.5271,88664.68357,148613.0486,125055.8739,130650.8368,154853.244,149523.1251,115720.472,126385.9988,96500.64751,103105.7051,85826.80357,88938.91791,20373.4034,43190.52018,95072.79651,71992.73726,42050.54338,115055.3351,30837.56845,43674.27183,79579.80642,69284.66331,89916.51967,58771.78586,32618.22354,54727.28408,41150.87944,23267.94405,20007.34813,58883.24484,84127.95627,46214.21232,34276.55348,29003.43533,63592.80211,110049.3234,59759.40169,37276.72056,70518.93167,47409.85249,94996.46516,47199.02181,60343.05636,66223.68876,77660.33644,0,38035.3088,72655.70566,115963.4483,64225.96996,129230.0617,119658.0138,145528.246
MAGNOLIA PARK,30407.37875,11535.26285,21011.76745,10638.59025,57127.25782,80638.6488,42818.11083,24719.19417,127842.744,44861.69969,17028.55468,12487.52074,16331.19867,31184.56245,50964.76338,41656.66753,23856.7635,47828.04108,29726.04164,63143.18726,83682.70234,29867.09169,73057.02718,36451.65996,27747.75855,68605.93566,44912.88721,62156.92654,32828.56266,92066.60033,43458.54639,41880.74037,64340.17321,52344.17729,66995.24163,50574.88517,110381.485,84732.57711,91511.83586,123634.8953,123209.0897,81151.4867,91359.21364,75699.85601,82919.56826,83171.57254,76377.38297,58758.45883,48047.94381,81293.51939,66759.95782,40087.6334,95897.226,11746.75431,81624.28383,65820.68227,54404.22087,72523.31903,45913.69341,29010.38026,35113.68139,25642.02352,17438.78114,22838.47334,32117.18694,57337.15641,23115.46166,13606.83166,9574.775717,33737.60627,86809.51801,29594.08806,6650.663875,44095.75087,17658.60453,70165.16005,10515.91795,25964.26216,44560.18853,61708.64855,38035.3088,0,44642.64515,90624.14653,31709.51769,101967.4388,88919.51024,116975.1209
AFTON OAKS / RIVER OAKS AREA,22109.63463,33807.83222,25718.04821,55243.901,13033.9913,50910.91728,65980.40914,52594.94973,81490.4418,10660.06612,34726.01582,42950.18074,54791.69723,68941.32515,18312.27324,20778.50566,38862.10877,59463.31057,30226.22953,23167.61454,40215.07432,60497.22025,31717.25474,75782.58362,56931.7962,32797.06862,32371.42655,29753.46896,46537.0287,52239.10559,44500.41207,62905.89325,44778.33612,42278.85806,52002.29128,60322.04065,80862.15793,72353.56264,92208.56199,137553.6451,140727.4262,43025.01194,51007.8974,30067.60308,45728.51159,56226.08439,49149.57817,93083.53856,48728.05446,40491.30037,45433.84506,38761.75661,50422.80368,49136.44031,117231.8616,34827.33849,26999.61117,32288.43002,25603.56138,41845.71014,24474.58897,29825.83232,55768.0939,61322.06497,20848.68444,16673.88322,25239.12471,37916.00842,53137.01415,13601.25839,40483.90031,21605.0458,40878.58714,5306.250823,25419.42794,24057.17861,32772.07818,21876.61584,18343.69314,25304.4499,72655.70566,44642.64515,0,44808.9521,13916.45262,56436.12927,44479.79985,71630.60588
BRIAR FOREST,67934.49373,79493.23233,71471.58172,101236.6296,29444.53146,53128.16734,98638.83052,89324.37044,35630.79211,51439.23615,79499.61956,88769.93811,99599.13173,110638.9551,48588.71859,54900.37042,81203.42298,91208.03896,73741.80702,35998.3906,27362.57829,103137.1896,28022.47757,119372.3741,100459.6899,38701.88631,65245.39206,48156.00147,87161.4871,37576.35281,82061.74262,103412.8176,58628.59953,69747.31913,75456.9731,94629.79023,72900.47773,84644.7367,114921.8191,167313.4798,171789.0447,39208.12746,33956.24939,18891.69521,25915.16083,60173.51778,52763.60044,127912.6841,80349.73822,35814.83895,61729.98514,73608.27632,26930.89869,94555.10964,152176.9251,44199.5373,51001.66639,31390.21044,59652.8023,80908.77768,61711.37381,73337.94719,100881.9383,106210.4863,62400.9505,34006.81166,69894.6523,83500.14441,98893.31718,57878.36418,8383.578865,66891.5577,86634.75957,44884.55964,71103.03654,19088.50702,78746.99864,67709.41805,50719.8421,39168.57073,115963.4483,90624.14653,44808.9521,0,59972.86112,10245.82955,18217.97373,29299.86445
NEARTOWN - MONTROSE,7850.014021,22162.3974,11287.16671,40391.4377,26288.45265,56434.82723,58136.5303,44244.24695,97272.99664,14012.8111,23256.80357,33606.56207,40164.9727,61079.594,22474.59975,18103.16359,30641.51496,52844.7252,20947.96926,32957.73885,52918.80167,53505.41835,42513.4811,61818.84507,43281.785,40231.85391,28780.80704,35395.22956,40005.7284,62722.47898,40971.93792,56870.37638,45806.94638,41049.51246,51559.18036,55725.35087,87417.32515,72686.36909,90249.53472,133192.5748,135901.0615,52292.17914,60384.59975,45361.71427,53230.5873,61591.81829,54199.49462,84840.26244,43202.75239,53203.88039,47008.12156,32892.18587,65697.85886,35614.75229,108898.8818,40759.87992,31103.46595,43245.38115,25362.19371,34444.38461,20508.9706,22132.12769,42594.77524,51074.66218,12788.04651,27234.65147,15678.1188,29123.61953,41969.44564,9745.807324,56235.94488,10684.69782,28640.42757,13540.26601,14601.59287,39583.37697,19013.03585,7336.55694,20222.96926,33982.60036,64225.96996,31709.51769,13916.45262,59972.86112,0,70776.75916,57883.97801,85774.45115
MEMORIAL,78414.46243,89842.09345,82012.1302,111862.6265,40874.88679,51807.78669,112440.1278,102155.345,27177.01641,55931.1825,89300.83245,99337.93297,109120.5362,115583.2762,55580.64202,61532.78794,89717.61215,105658.6127,81804.99978,42175.58025,24879.41217,111778.4329,34937.42395,127809.1423,109182.2032,42057.99648,71718.0262,50576.55245,94985.60694,32755.3844,89675.09854,110745.9147,59483.58785,74327.29693,77458.11952,100826.2799,66063.64721,82001.59652,105103.7193,157593.4337,162263.017,35856.55513,28242.91602,32217.70278,38289.24738,69105.15256,65509.76493,128452.2564,94837.50035,48564.10252,67774.50222,87175.69469,34581.82627,106767.3103,159932.856,58476.51891,65327.76133,45635.77211,74135.86605,94302.78999,75314.08035,86292.7083,113355.4087,118852.8919,75780.8017,47766.36839,82836.63344,95211.55815,110762.2573,69967.07893,19672.21131,79067.76619,98538.99098,57476.72889,83019.03217,30850.94816,90104.71458,79389.46021,64179.63924,53564.78091,129230.0617,101967.4388,56436.12927,10245.82955,70776.75916,0,11098.2768,19100.20612
SPRING BRANCH WEST,64798.24043,75957.44344,68492.82265,98161.30907,30720.08324,38801.24892,104833.7671,92078.82481,36862.37688,45416.1526,75377.65608,85582.94297,94902.61089,104550.4703,41201.20476,47018.44916,75393.86372,99564.91146,67412.70194,27707.68788,11985.29185,97499.77155,20537.56226,113459.9513,94851.12783,27829.16574,57235.20968,36567.52033,80702.38683,20986.43341,75251.49891,96376.04297,45572.3046,60077.93416,64118.4757,86543.71427,56209.93965,68614.09664,97407.32566,150586.7992,155380.9165,22900.07132,17494.97025,35476.73959,43668.81581,74724.63643,69390.59568,130541.6641,90603.99491,52946.56299,71705.18351,79710.26762,44366.35586,95261.61976,154909.999,58721.37274,61818.5462,46727.5614,68535.79095,85906.44051,68280.05595,77046.95034,102131.6665,107738.274,67799.32867,43382.49039,71742.43868,82995.73544,98197.75912,59728.34235,28418.0376,68461.00546,86530.04423,49257.25879,71426.17072,26403.56636,77514.83868,66544.04823,57800.28803,51374.93309,119658.0138,88919.51024,44479.79985,18217.97373,57883.97801,11098.2768,0,18092.4995
ADDICKS PARK TEN,93038.29355,104365.1444,96784.31373,126486.481,56849.26606,60065.09827,128953.7603,118203.832,25594.91326,70372.66247,103494.1835,113998.1779,122780.9028,129392.3139,68736.71661,74503.78589,103162.1999,122595.0729,94587.23943,55441.47417,35918.61666,125249.2946,47568.68582,141045.8138,122689.6616,54113.23774,84301.99412,61406.70273,108102.5473,39135.48826,101695.6832,123300.5616,69817.65892,85681.61009,85987.22444,112803.3354,65452.34907,88392.94102,113444.454,157234.3798,162957.1188,45523.78617,34065.04596,50580.60703,57040.24701,87630.13246,84121.34168,149496.9474,111912.7995,67054.13756,86116.65956,103636.0063,45988.94219,122368.2378,176429.6253,76455.91356,82410.14107,63739.69506,91018.23177,110709.9478,91925.6318,102417.9409,129048.0455,134701.3081,92220.73206,64678.87728,98585.546,110544.2826,126128.903,85859.72264,39042.52059,94920.20647,113992.8169,73753.87001,98538.15216,47224.40542,105358.8697,94394.4562,80799.90923,70971.98678,145528.246,116975.1209,71630.60588,29299.86445,85774.45115,19100.20612,18092.4995,0